#
# A fatal error has been detected by the Java Runtime Environment:
#
#  EXCEPTION_ACCESS_VIOLATION (0xc0000005) at pc=0x00007ff8c71f2db5, pid=59836, tid=13304
#
# JRE version: OpenJDK Runtime Environment Temurin-17.0.7+7 (17.0.7+7) (build 17.0.7+7)
# Java VM: OpenJDK 64-Bit Server VM Temurin-17.0.7+7 (17.0.7+7, mixed mode, sharing, tiered, compressed oops, compressed class ptrs, g1 gc, windows-amd64)
# Problematic frame:
# C  [librdi_filemgmt.dll+0x342db5]
#
# No core dump will be written. Minidumps are not enabled by default on client versions of Windows
#
# If you would like to submit a bug report, please visit:
#   https://github.com/adoptium/adoptium-support/issues
# The crash happened outside the Java Virtual Machine in native code.
# See problematic frame for where to report the bug.
#

---------------  S U M M A R Y ------------

Command Line: -Dsun.java2d.pmoffscreen=false -Dhttps.protocols=TLSv1,TLSv1.1,TLSv1.2 -Dsun.java2d.xrender=false -Dsun.java2d.d3d=false -Dsun.awt.nopixfmt=true -Dsun.java2d.dpiaware=true -Dsun.java2d.uiScale.enabled=false -Dswing.aatext=true -XX:-UsePerfData -Djdk.map.althashing.threshold=512 -XX:StringTableSize=4072 -XX:+UseStringDeduplication -XX:MaxGCPauseMillis=200 -XX:+ParallelRefProcEnabled --add-opens=java.desktop/javax.swing.plaf.synth=ALL-UNNAMED --add-opens=java.base/java.nio=ALL-UNNAMED --add-opens=java.desktop/sun.swing=ALL-UNNAMED --add-opens=java.desktop/javax.swing=ALL-UNNAMED --add-opens=java.desktop/javax.swing.tree=ALL-UNNAMED --add-opens=java.desktop/javax.swing.plaf.basic=ALL-UNNAMED --add-opens=java.desktop/javax.swing.plaf.synth=ALL-UNNAMED --add-opens=java.desktop/javax.swing.plaf.basic=ALL-UNNAMED --add-opens=java.desktop/javax.swing=ALL-UNNAMED --add-opens=java.desktop/javax.swing.tree=ALL-UNNAMED --add-opens=java.desktop/java.awt.event=ALL-UNNAMED --add-exports=java.desktop/javax.swing.plaf.synth=ALL-UNNAMED --add-exports=java.base/java.nio=ALL-UNNAMED --add-exports=java.desktop/sun.swing=ALL-UNNAMED --add-exports=java.desktop/javax.swing=ALL-UNNAMED --add-exports=java.desktop/javax.swing.tree=ALL-UNNAMED --add-exports=java.desktop/javax.swing.plaf.basic=ALL-UNNAMED --add-exports=java.desktop/sun.swing=ALL-UNNAMED --add-exports=java.desktop/sun.swing.table=ALL-UNNAMED --add-exports=java.desktop/sun.swing.plaf.synth=ALL-UNNAMED --add-exports=java.desktop/sun.awt.shell=ALL-UNNAMED --add-exports=java.base/sun.security.action=ALL-UNNAMED --add-exports=java.desktop/sun.font=ALL-UNNAMED -XX:NewSize=80m -XX:MaxNewSize=80m -Xms512m -Xmx4072m -Xss10m 

Host: 13th Gen Intel(R) Core(TM) i7-13700, 24 cores, 31G,  Windows 11 , 64 bit Build 22621 (10.0.22621.3672)
Time: Wed May 20 06:13:09 2026 Central Daylight Time elapsed time: 149220.983656 seconds (1d 17h 27m 0s)

---------------  T H R E A D  ---------------

Current thread (0x000002d600c20000):  JavaThread "AWT-EventQueue-0" [_thread_in_native, id=13304, stack(0x000000ef03900000,0x000000ef04300000)]

Stack: [0x000000ef03900000,0x000000ef04300000],  sp=0x000000ef042feae0,  free space=10234k
Native frames: (J=compiled Java code, j=interpreted, Vv=VM code, C=native code)
C  [librdi_filemgmt.dll+0x342db5]
C  [librdi_filemgmt.dll+0x341605]
C  [librdi_filemgmt.dll+0x35e57f]
C  0x000002d6678af39d

Java frames: (J=compiled Java code, j=interpreted, Vv=VM code)
J 29083  ui.data.srcscan.srcscani.EditorAssist_createFoldInfoIter(JLjava/lang/String;)J (0 bytes) @ 0x000002d6678af2fd [0x000002d6678af2a0+0x000000000000005d]
J 28855 c1 ui.j.a.c.a(Ljava/net/URI;)V (191 bytes) @ 0x000002d6609952ac [0x000002d6609946e0+0x0000000000000bcc]
j  ui.j.a.a.ZK(Ljava/lang/String;)V+8
j  ui.views.W.a.a.ayx(Ljava/lang/String;)V+27
j  ui.views.W.a.a.ldn()V+43
J 29727 c1 ui.views.W.a.h.aPQ()V (81 bytes) @ 0x000002d65fa422cc [0x000002d65fa420e0+0x00000000000001ec]
J 28052 c2 ui.frmwork.z.run()V (15 bytes) @ 0x000002d666fdc81c [0x000002d666fdc1a0+0x000000000000067c]
J 14571 c2 java.awt.EventQueue.dispatchEventImpl(Ljava/awt/AWTEvent;Ljava/lang/Object;)V java.desktop@17.0.7 (136 bytes) @ 0x000002d6663a158c [0x000002d6663a1260+0x000000000000032c]
J 30007 c2 java.awt.EventQueue$4.run()Ljava/lang/Void; java.desktop@17.0.7 (60 bytes) @ 0x000002d667a73ef8 [0x000002d667a73ea0+0x0000000000000058]
J 29185 c2 java.awt.EventQueue$4.run()Ljava/lang/Object; java.desktop@17.0.7 (5 bytes) @ 0x000002d6675e5ed4 [0x000002d6675e5ea0+0x0000000000000034]
J 14570 c2 java.awt.EventQueue.dispatchEvent(Ljava/awt/AWTEvent;)V java.desktop@17.0.7 (80 bytes) @ 0x000002d6663a3184 [0x000002d6663a2f00+0x0000000000000284]
J 25873 c2 ui.frmwork.a.d.dispatchEvent(Ljava/awt/AWTEvent;)V (42 bytes) @ 0x000002d666b29618 [0x000002d666b287a0+0x0000000000000e78]
J 19853 c2 java.awt.EventDispatchThread.pumpOneEventForFilters(I)V java.desktop@17.0.7 (113 bytes) @ 0x000002d6667a2020 [0x000002d6667a1ba0+0x0000000000000480]
J 17289% c2 java.awt.EventDispatchThread.pumpEventsForFilter(ILjava/awt/Conditional;Ljava/awt/EventFilter;)V java.desktop@17.0.7 (47 bytes) @ 0x000002d666b1a0a0 [0x000002d666b19fa0+0x0000000000000100]
j  java.awt.EventDispatchThread.pumpEventsForHierarchy(ILjava/awt/Conditional;Ljava/awt/Component;)V+11 java.desktop@17.0.7
j  java.awt.EventDispatchThread.pumpEvents(ILjava/awt/Conditional;)V+4 java.desktop@17.0.7
j  java.awt.EventDispatchThread.pumpEvents(Ljava/awt/Conditional;)V+3 java.desktop@17.0.7
j  java.awt.EventDispatchThread.run()V+9 java.desktop@17.0.7
v  ~StubRoutines::call_stub

siginfo: EXCEPTION_ACCESS_VIOLATION (0xc0000005), reading address 0x0000007400610064


Register to memory mapping:

RIP=0x00007ff8c71f2db5 librdi_filemgmt.dll
RAX=0x0 is NULL
RBX=0x000002d63902d3f0 points into unknown readable memory: 0x0000007400610064 | 64 00 61 00 74 00 00 00
RCX=0x000000ef042feb28 is pointing into the stack for thread: 0x000002d600c20000
RDX=0x0000007400610064 is an unknown value
RSP=0x000000ef042feae0 is pointing into the stack for thread: 0x000002d600c20000
RBP=0x000000ef042fec30 is pointing into the stack for thread: 0x000002d600c20000
RSI=0x0 is NULL
RDI=0x000002d609f9f040 points into unknown readable memory: 0x00007ff8c73dc890 | 90 c8 3d c7 f8 7f 00 00
R8 =0x0 is NULL
R9 =0x0000000000000001 is an unknown value
R10=0x0000000000000003 is an unknown value
R11=0x000000ef042fca10 is pointing into the stack for thread: 0x000002d600c20000
R12=0x000000ef042fed48 is pointing into the stack for thread: 0x000002d600c20000
R13=0x000002d602128940 points into unknown readable memory: 0x000002d61beeccc0 | c0 cc ee 1b d6 02 00 00
R14=0x0 is NULL
R15=0x000002d696642680 points into unknown readable memory: 0x0055005c003a0043 | 43 00 3a 00 5c 00 55 00


Registers:
RAX=0x0000000000000000, RBX=0x000002d63902d3f0, RCX=0x000000ef042feb28, RDX=0x0000007400610064
RSP=0x000000ef042feae0, RBP=0x000000ef042fec30, RSI=0x0000000000000000, RDI=0x000002d609f9f040
R8 =0x0000000000000000, R9 =0x0000000000000001, R10=0x0000000000000003, R11=0x000000ef042fca10
R12=0x000000ef042fed48, R13=0x000002d602128940, R14=0x0000000000000000, R15=0x000002d696642680
RIP=0x00007ff8c71f2db5, EFLAGS=0x0000000000010256

Top of Stack: (sp=0x000000ef042feae0)
0x000000ef042feae0:   0000000000000000 000002d63902d3e8
0x000000ef042feaf0:   000002d63902d3e8 000000ef042fec30
0x000000ef042feb00:   fffffffffffffffe ffffffffffffff00
0x000000ef042feb10:   6f6c635c6e676900 0000000000000000
0x000000ef042feb20:   000000000000000f ffffffffffffff00
0x000000ef042feb30:   6f6c635c6e676900 0000000000000000
0x000000ef042feb40:   000000000000000f 0000a0b26ace3df4
0x000000ef042feb50:   0000000000000090 000002d602128940
0x000000ef042feb60:   000000ef042fec30 00007ff8c71f1605
0x000000ef042feb70:   0000000000000097 00007ff8c6ffa624
0x000000ef042feb80:   0000000000000090 000002d609f9f040
0x000000ef042feb90:   0000000723a50cd0 00007ff800000000
0x000000ef042feba0:   0000a13895c0903e 0000a13895c0913e
0x000000ef042febb0:   000002d696642680 000002d602128940
0x000000ef042febc0:   000000ef042fed48 0000000000000001
0x000000ef042febd0:   000002d600c202a8 000000ef042fed80 

Instructions: (pc=0x00007ff8c71f2db5)
0x00007ff8c71f2cb5:   c2 48 8b 4c 24 30 48 8b c1 48 81 fa 00 10 00 00
0x00007ff8c71f2cc5:   72 1c 48 83 c2 27 48 8b 49 f8 48 2b c1 48 83 c0
0x00007ff8c71f2cd5:   f8 48 83 f8 1f 76 07 ff 15 4e eb 19 00 cc e8 74
0x00007ff8c71f2ce5:   b3 08 00 66 0f 6f 05 d0 33 1a 00 f3 0f 7f 44 24
0x00007ff8c71f2cf5:   40 c6 44 24 30 00 48 8b cb e8 33 b2 08 00 85 c0
0x00007ff8c71f2d05:   74 08 8b c8 e8 2e b2 08 00 90 48 8b c6 48 8b 4c
0x00007ff8c71f2d15:   24 50 48 33 cc e8 81 b7 08 00 48 8b 9c 24 98 00
0x00007ff8c71f2d25:   00 00 48 83 c4 60 5f 5e 5d c3 cc b8 02 00 00 00
0x00007ff8c71f2d35:   c3 cc cc cc cc cc cc cc cc cc cc 48 8b c4 56 57
0x00007ff8c71f2d45:   41 56 48 83 ec 70 48 c7 40 98 fe ff ff ff 48 89
0x00007ff8c71f2d55:   58 18 48 89 68 20 48 8b 05 2e bf 3f 00 48 33 c4
0x00007ff8c71f2d65:   48 89 44 24 68 48 8b ea 48 8b f9 48 8b 01 ff 50
0x00007ff8c71f2d75:   08 8b f0 85 c0 0f 85 1b 01 00 00 48 8b 5f 08 48
0x00007ff8c71f2d85:   83 c3 08 48 3b 5f 10 0f 84 09 01 00 00 45 33 f6
0x00007ff8c71f2d95:   48 8b 13 4c 89 74 24 38 48 c7 44 24 40 0f 00 00
0x00007ff8c71f2da5:   00 c6 44 24 28 00 49 c7 c0 ff ff ff ff 49 ff c0
0x00007ff8c71f2db5:   42 80 3c 02 00 75 f6 48 8d 4c 24 28 e8 ea 24 ce
0x00007ff8c71f2dc5:   ff 90 48 8d 54 24 28 48 8d 4c 24 48 ff 15 89 f6
0x00007ff8c71f2dd5:   19 00 90 48 8b d5 48 8d 4c 24 48 ff 15 ba f3 19
0x00007ff8c71f2de5:   00 84 c0 75 55 48 8d 4c 24 48 ff 15 93 f5 19 00
0x00007ff8c71f2df5:   90 48 8b 54 24 40 48 83 fa 10 72 2e 48 ff c2 48
0x00007ff8c71f2e05:   8b 4c 24 28 48 8b c1 48 81 fa 00 10 00 00 72 15
0x00007ff8c71f2e15:   48 83 c2 27 48 8b 49 f8 48 2b c1 48 83 c0 f8 48
0x00007ff8c71f2e25:   83 f8 1f 77 65 e8 2d b2 08 00 48 83 c3 08 48 3b
0x00007ff8c71f2e35:   5f 10 0f 85 58 ff ff ff eb 5c 48 8b 07 48 8d 54
0x00007ff8c71f2e45:   24 28 48 8b cf ff 50 08 8b f0 48 8d 4c 24 48 ff
0x00007ff8c71f2e55:   15 2e f5 19 00 90 48 8b 54 24 40 48 83 fa 10 72
0x00007ff8c71f2e65:   35 48 ff c2 48 8b 4c 24 28 48 8b c1 48 81 fa 00
0x00007ff8c71f2e75:   10 00 00 72 1c 48 83 c2 27 48 8b 49 f8 48 2b c1
0x00007ff8c71f2e85:   48 83 c0 f8 48 83 f8 1f 76 07 ff 15 9b e9 19 00
0x00007ff8c71f2e95:   cc e8 c1 b1 08 00 8b c6 48 8b 4c 24 68 48 33 cc
0x00007ff8c71f2ea5:   e8 f6 b5 08 00 4c 8d 5c 24 70 49 8b 5b 30 49 8b 


Stack slot to memory mapping:
stack at sp + 0 slots: 0x0 is NULL
stack at sp + 1 slots: 0x000002d63902d3e8 points into unknown readable memory: 0x000002d686516ea0 | a0 6e 51 86 d6 02 00 00
stack at sp + 2 slots: 0x000002d63902d3e8 points into unknown readable memory: 0x000002d686516ea0 | a0 6e 51 86 d6 02 00 00
stack at sp + 3 slots: 0x000000ef042fec30 is pointing into the stack for thread: 0x000002d600c20000
stack at sp + 4 slots: 0xfffffffffffffffe is an unknown value
stack at sp + 5 slots: 0xffffffffffffff00 is an unknown value
stack at sp + 6 slots: 0x6f6c635c6e676900 is an unknown value
stack at sp + 7 slots: 0x0 is NULL


---------------  P R O C E S S  ---------------

Threads class SMR info:
_java_thread_list=0x000002d69c29f7b0, length=65, elements={
0x000002d655cc02d0, 0x000002d655fad7d0, 0x000002d655fae090, 0x000002d655fc2800,
0x000002d655fcad80, 0x000002d655fd0670, 0x000002d655fd3750, 0x000002d64c3b3100,
0x000002d64c3b2bf0, 0x000002d64c3b3b20, 0x000002d656263a60, 0x000002d656267380,
0x000002d67f510170, 0x000002d67f0999a0, 0x000002d67f099e70, 0x000002d6010a0280,
0x000002d600c20000, 0x000002d601bea880, 0x000002d601be9070, 0x000002d601be9540,
0x000002d601be9ee0, 0x000002d608a5cea0, 0x000002d608a5eb80, 0x000002d6085780d0,
0x000002d6085785a0, 0x000002d608574be0, 0x000002d609994420, 0x000002d61e64e400,
0x000002d61e647ef0, 0x000002d61e6483c0, 0x000002d61e647a20, 0x000002d61e64aa40,
0x000002d61e64cbf0, 0x000002d61e648890, 0x000002d61e648d60, 0x000002d61e649230,
0x000002d61e649700, 0x000002d61e64eda0, 0x000002d61e647550, 0x000002d61e64b8b0,
0x000002d61e64af10, 0x000002d61e650f50, 0x000002d61e64f270, 0x000002d61e651420,
0x000002d61e6518f0, 0x000002d61e6565f0, 0x000002d61e657930, 0x000002d61e656f90,
0x000002d61e655c50, 0x000002d61e657e00, 0x000002d61e656ac0, 0x000002d61e653aa0,
0x000002d61e653f70, 0x000002d61e657460, 0x000002d61e6582d0, 0x000002d61e659fb0,
0x000002d61e6587a0, 0x000002d61e655780, 0x000002d681ee19b0, 0x000002d681ee4ea0,
0x000002d681ee79f0, 0x000002d681ee61e0, 0x000002d681ed32b0, 0x000002d6c9218fe0,
0x000002d6c9215af0
}

Java Threads: ( => current thread )
  0x000002d655cc02d0 JavaThread "main" [_thread_blocked, id=50144, stack(0x000000ef7a300000,0x000000ef7a400000)]
  0x000002d655fad7d0 JavaThread "Reference Handler" daemon [_thread_blocked, id=36816, stack(0x000000ef7ab00000,0x000000ef7b500000)]
  0x000002d655fae090 JavaThread "Finalizer" daemon [_thread_blocked, id=49588, stack(0x000000ef7b500000,0x000000ef7bf00000)]
  0x000002d655fc2800 JavaThread "Signal Dispatcher" daemon [_thread_blocked, id=34740, stack(0x000000ef7bf00000,0x000000ef7c900000)]
  0x000002d655fcad80 JavaThread "Attach Listener" daemon [_thread_blocked, id=72580, stack(0x000000ef7c900000,0x000000ef7d300000)]
  0x000002d655fd0670 JavaThread "Service Thread" daemon [_thread_blocked, id=60356, stack(0x000000ef7d300000,0x000000ef7dd00000)]
  0x000002d655fd3750 JavaThread "Monitor Deflation Thread" daemon [_thread_blocked, id=63380, stack(0x000000ef7dd00000,0x000000ef7e700000)]
  0x000002d64c3b3100 JavaThread "C2 CompilerThread0" daemon [_thread_blocked, id=66812, stack(0x000000ef7e700000,0x000000ef7e800000)]
  0x000002d64c3b2bf0 JavaThread "C1 CompilerThread0" daemon [_thread_blocked, id=15092, stack(0x000000ef7e800000,0x000000ef7e900000)]
  0x000002d64c3b3b20 JavaThread "Sweeper thread" daemon [_thread_blocked, id=58892, stack(0x000000ef7e900000,0x000000ef7f300000)]
  0x000002d656263a60 JavaThread "Common-Cleaner" daemon [_thread_blocked, id=32492, stack(0x000000ef7f600000,0x000000ef80000000)]
  0x000002d656267380 JavaThread "Notification Thread" daemon [_thread_blocked, id=70212, stack(0x000000ef00000000,0x000000ef00a00000)]
  0x000002d67f510170 JavaThread "Java2D Disposer" daemon [_thread_blocked, id=42144, stack(0x000000ef00c00000,0x000000ef01600000)]
  0x000002d67f0999a0 JavaThread "AWT-Shutdown" [_thread_blocked, id=60120, stack(0x000000ef01600000,0x000000ef02000000)]
  0x000002d67f099e70 JavaThread "AWT-Windows" daemon [_thread_in_native, id=38412, stack(0x000000ef02000000,0x000000ef02a00000)]
  0x000002d6010a0280 JavaThread "TimerQueue" daemon [_thread_blocked, id=25248, stack(0x000000ef02f00000,0x000000ef03900000)]
=>0x000002d600c20000 JavaThread "AWT-EventQueue-0" [_thread_in_native, id=13304, stack(0x000000ef03900000,0x000000ef04300000)]
  0x000002d601bea880 JavaThread "Thread-1" [_thread_in_native, id=2336, stack(0x000000ef78900000,0x000000ef79d00000)]
  0x000002d601be9070 JavaThread "Process Messages Thread" [_thread_blocked, id=60760, stack(0x000000ef06900000,0x000000ef07300000)]
  0x000002d601be9540 JavaThread "Batik CleanerThread" daemon [_thread_blocked, id=75076, stack(0x000000ef07300000,0x000000ef07d00000)]
  0x000002d601be9ee0 JavaThread "SyntheticaCleanerThread" daemon [_thread_blocked, id=28128, stack(0x000000ef08700000,0x000000ef09100000)]
  0x000002d608a5cea0 JavaThread "Timer-0" [_thread_blocked, id=30172, stack(0x000000ef09b00000,0x000000ef0a500000)]
  0x000002d608a5eb80 JavaThread "Monitor File Timestamp Swing Worker Thread" [_thread_blocked, id=17436, stack(0x000000ef0a500000,0x000000ef0af00000)]
  0x000002d6085780d0 JavaThread "Monitor HEventQueue Thread" [_thread_blocked, id=74204, stack(0x000000ef0af00000,0x000000ef0b900000)]
  0x000002d6085785a0 JavaThread "SyntheticaAnimation 50" daemon [_thread_blocked, id=35760, stack(0x000000ef0b900000,0x000000ef0c300000)]
  0x000002d608574be0 JavaThread "SyntheticaAnimation 25" daemon [_thread_blocked, id=61616, stack(0x000000ef0c300000,0x000000ef0cd00000)]
  0x000002d609994420 JavaThread "SyntheticaAnimation 70" daemon [_thread_blocked, id=72960, stack(0x000000ef0d700000,0x000000ef0e100000)]
  0x000002d61e64e400 JavaThread "Refresh Filesets Swing Worker Thread" [_thread_blocked, id=57588, stack(0x000000ef07d00000,0x000000ef08700000)]
  0x000002d61e647ef0 JavaThread "hw_ila_monitor" [_thread_blocked, id=31448, stack(0x000000ef09100000,0x000000ef09b00000)]
  0x000002d61e6483c0 JavaThread "pool-2-thread-1" [_thread_blocked, id=60908, stack(0x000000ef0f500000,0x000000ef0ff00000)]
  0x000002d61e647a20 JavaThread "Timer-1" [_thread_blocked, id=41692, stack(0x000000ef0ff00000,0x000000ef10900000)]
  0x000002d61e64aa40 JavaThread "pool-3-thread-1" [_thread_blocked, id=10684, stack(0x000000ef10900000,0x000000ef11300000)]
  0x000002d61e64cbf0 JavaThread "Timer-2" [_thread_blocked, id=43240, stack(0x000000ef11300000,0x000000ef11d00000)]
  0x000002d61e648890 JavaThread "pool-4-thread-1" [_thread_blocked, id=27452, stack(0x000000ef11d00000,0x000000ef12700000)]
  0x000002d61e648d60 JavaThread "Timer-3" [_thread_blocked, id=64540, stack(0x000000ef12700000,0x000000ef13100000)]
  0x000002d61e649230 JavaThread "pool-5-thread-1" [_thread_blocked, id=54180, stack(0x000000ef13100000,0x000000ef13b00000)]
  0x000002d61e649700 JavaThread "Timer-4" [_thread_blocked, id=55624, stack(0x000000ef13b00000,0x000000ef14500000)]
  0x000002d61e64eda0 JavaThread "pool-6-thread-1" [_thread_blocked, id=9900, stack(0x000000ef14500000,0x000000ef14f00000)]
  0x000002d61e647550 JavaThread "Timer-5" [_thread_blocked, id=75612, stack(0x000000ef14f00000,0x000000ef15900000)]
  0x000002d61e64b8b0 JavaThread "pool-7-thread-1" [_thread_blocked, id=16840, stack(0x000000ef15900000,0x000000ef16300000)]
  0x000002d61e64af10 JavaThread "Timer-6" [_thread_blocked, id=31308, stack(0x000000ef16300000,0x000000ef16d00000)]
  0x000002d61e650f50 JavaThread "pool-8-thread-1" [_thread_blocked, id=13292, stack(0x000000ef16d00000,0x000000ef17700000)]
  0x000002d61e64f270 JavaThread "Timer-7" [_thread_blocked, id=61020, stack(0x000000ef17700000,0x000000ef18100000)]
  0x000002d61e651420 JavaThread "Update Runs Swing Worker Thread" [_thread_blocked, id=31736, stack(0x000000ef18b00000,0x000000ef19500000)]
  0x000002d61e6518f0 JavaThread "SyntheticaAnimation 50" daemon [_thread_blocked, id=46184, stack(0x000000ef0e100000,0x000000ef0eb00000)]
  0x000002d61e6565f0 JavaThread "Image Animator 3" daemon [_thread_blocked, id=62816, stack(0x000000ef0cd00000,0x000000ef0d700000)]
  0x000002d61e657930 JavaThread "Timer-8" [_thread_blocked, id=49856, stack(0x000000ef18100000,0x000000ef18b00000)]
  0x000002d61e656f90 JavaThread "Monitor File Timestamp Swing Worker Thread" [_thread_blocked, id=64972, stack(0x000000ef19500000,0x000000ef19f00000)]
  0x000002d61e655c50 JavaThread "Timer-9" [_thread_blocked, id=69740, stack(0x000000ef19f00000,0x000000ef1a900000)]
  0x000002d61e657e00 JavaThread "Monitor File Timestamp Swing Worker Thread" [_thread_blocked, id=62244, stack(0x000000ef1a900000,0x000000ef1b300000)]
  0x000002d61e656ac0 JavaThread "Timer-10" [_thread_blocked, id=28372, stack(0x000000ef0eb00000,0x000000ef0f500000)]
  0x000002d61e653aa0 JavaThread "Monitor File Timestamp Swing Worker Thread" [_thread_blocked, id=28636, stack(0x000000ef1b300000,0x000000ef1bd00000)]
  0x000002d61e653f70 JavaThread "Timer-11" [_thread_blocked, id=24980, stack(0x000000ef1bd00000,0x000000ef1c700000)]
  0x000002d61e657460 JavaThread "Monitor File Timestamp Swing Worker Thread" [_thread_blocked, id=58460, stack(0x000000ef1c700000,0x000000ef1d100000)]
  0x000002d61e6582d0 JavaThread "Timer-12" [_thread_blocked, id=17516, stack(0x000000ef1d100000,0x000000ef1db00000)]
  0x000002d61e659fb0 JavaThread "Monitor File Timestamp Swing Worker Thread" [_thread_blocked, id=31916, stack(0x000000ef1db00000,0x000000ef1e500000)]
  0x000002d61e6587a0 JavaThread "Timer-13" [_thread_blocked, id=66424, stack(0x000000ef1e500000,0x000000ef1ef00000)]
  0x000002d61e655780 JavaThread "Monitor File Timestamp Swing Worker Thread" [_thread_blocked, id=60312, stack(0x000000ef1ef00000,0x000000ef1f900000)]
  0x000002d681ee19b0 JavaThread "SyntheticaAnimation 50" daemon [_thread_blocked, id=74640, stack(0x000000ef05400000,0x000000ef05e00000)]
  0x000002d681ee4ea0 JavaThread "Thread-8717" [_thread_in_native, id=41800, stack(0x000000ef21500000,0x000000ef21600000)]
  0x000002d681ee79f0 JavaThread "Thread-8978" [_thread_in_native, id=38400, stack(0x000000ef02a00000,0x000000ef02b00000)]
  0x000002d681ee61e0 JavaThread "Thread-11309" [_thread_in_native, id=30112, stack(0x000000ef21400000,0x000000ef21500000)]
  0x000002d681ed32b0 JavaThread "Swing-Shell" daemon [_thread_blocked, id=36512, stack(0x000000ef1ff00000,0x000000ef20900000)]
  0x000002d6c9218fe0 JavaThread "Code Inspector Thread" [_thread_in_native, id=69312, stack(0x000000ef21e00000,0x000000ef22800000)]
  0x000002d6c9215af0 JavaThread "Code Inspector Thread" [_thread_in_native, id=71124, stack(0x000000ef23200000,0x000000ef23c00000)]

Other Threads:
  0x000002d654232d80 VMThread "VM Thread" [stack: 0x000000ef7aa00000,0x000000ef7ab00000] [id=54336]
  0x000002d655d80bf0 WatcherThread [stack: 0x000000ef00a00000,0x000000ef00b00000] [id=34524]
  0x000002d6535f4f30 GCTaskThread "GC Thread#0" [stack: 0x000000ef7a400000,0x000000ef7a500000] [id=13328]
  0x000002d6535f64b0 GCTaskThread "GC Thread#1" [stack: 0x000000ef04300000,0x000000ef04400000] [id=69536]
  0x000002d6535fa280 GCTaskThread "GC Thread#2" [stack: 0x000000ef04400000,0x000000ef04500000] [id=42840]
  0x000002d6535f97c0 GCTaskThread "GC Thread#3" [stack: 0x000000ef04500000,0x000000ef04600000] [id=28656]
  0x000002d6535fc2c0 GCTaskThread "GC Thread#4" [stack: 0x000000ef04600000,0x000000ef04700000] [id=51688]
  0x000002d6535f9260 GCTaskThread "GC Thread#5" [stack: 0x000000ef04700000,0x000000ef04800000] [id=72300]
  0x000002d6535fc820 GCTaskThread "GC Thread#6" [stack: 0x000000ef04800000,0x000000ef04900000] [id=44876]
  0x000002d6535fc570 GCTaskThread "GC Thread#7" [stack: 0x000000ef04900000,0x000000ef04a00000] [id=31508]
  0x000002d6535fcad0 GCTaskThread "GC Thread#8" [stack: 0x000000ef04a00000,0x000000ef04b00000] [id=71068]
  0x000002d6535f7f90 GCTaskThread "GC Thread#9" [stack: 0x000000ef04b00000,0x000000ef04c00000] [id=13044]
  0x000002d6535fa530 GCTaskThread "GC Thread#10" [stack: 0x000000ef04c00000,0x000000ef04d00000] [id=34620]
  0x000002d6535f87a0 GCTaskThread "GC Thread#11" [stack: 0x000000ef04d00000,0x000000ef04e00000] [id=69140]
  0x000002d6535f5ca0 GCTaskThread "GC Thread#12" [stack: 0x000000ef04e00000,0x000000ef04f00000] [id=66392]
  0x000002d6535f8240 GCTaskThread "GC Thread#13" [stack: 0x000000ef04f00000,0x000000ef05000000] [id=42048]
  0x000002d6535fbab0 GCTaskThread "GC Thread#14" [stack: 0x000000ef05000000,0x000000ef05100000] [id=65160]
  0x000002d6535fa7e0 GCTaskThread "GC Thread#15" [stack: 0x000000ef05100000,0x000000ef05200000] [id=21724]
  0x000002d6535faa90 GCTaskThread "GC Thread#16" [stack: 0x000000ef05200000,0x000000ef05300000] [id=44232]
  0x000002d6535f7a30 GCTaskThread "GC Thread#17" [stack: 0x000000ef05300000,0x000000ef05400000] [id=31372]
  0x000002d6536aa390 ConcurrentGCThread "G1 Main Marker" [stack: 0x000000ef7a500000,0x000000ef7a600000] [id=23948]
  0x000002d6535f51e0 ConcurrentGCThread "G1 Conc#0" [stack: 0x000000ef7a600000,0x000000ef7a700000] [id=8800]
  0x000002d6535f9a70 ConcurrentGCThread "G1 Conc#1" [stack: 0x000000ef05f00000,0x000000ef06000000] [id=13984]
  0x000002d6535fb2a0 ConcurrentGCThread "G1 Conc#2" [stack: 0x000000ef06000000,0x000000ef06100000] [id=63852]
  0x000002d6535fad40 ConcurrentGCThread "G1 Conc#3" [stack: 0x000000ef06100000,0x000000ef06200000] [id=43140]
  0x000002d6535fc010 ConcurrentGCThread "G1 Conc#4" [stack: 0x000000ef06200000,0x000000ef06300000] [id=65516]
  0x000002d653693920 ConcurrentGCThread "G1 Refine#0" [stack: 0x000000ef7a700000,0x000000ef7a800000] [id=62888]
  0x000002d653beebf0 ConcurrentGCThread "G1 Service" [stack: 0x000000ef7a800000,0x000000ef7a900000] [id=68268]
  0x000002d6535f5490 ConcurrentGCThread "StringDedupProcessor" [stack: 0x000000ef7a900000,0x000000ef7aa00000] [id=48180]

Threads with active compile tasks:

VM state: not at safepoint (normal execution)

VM Mutex/Monitor currently owned by a thread: None

Heap address: 0x0000000701800000, size: 4072 MB, Compressed Oops mode: Zero based, Oop shift amount: 3

CDS archive(s) mapped at: [0x0000000800000000-0x0000000800bc0000-0x0000000800bc0000), size 12320768, SharedBaseAddress: 0x0000000800000000, ArchiveRelocationMode: 0.
Compressed class space mapped at: 0x0000000801000000-0x0000000841000000, reserved size: 1073741824
Narrow klass base: 0x0000000800000000, Narrow klass shift: 0, Narrow klass range: 0x100000000

GC Precious Log:
 CPUs: 24 total, 24 available
 Memory: 32456M
 Large Page Support: Disabled
 NUMA Support: Disabled
 Compressed Oops: Enabled (Zero based)
 Heap Region Size: 2M
 Heap Min Capacity: 512M
 Heap Initial Capacity: 512M
 Heap Max Capacity: 4072M
 Pre-touch: Disabled
 Parallel Workers: 18
 Concurrent Workers: 5
 Concurrent Refinement Workers: 18
 Periodic GC: Disabled
 String Deduplication is enabled

Heap:
 garbage-first heap   total 630784K, used 189881K [0x0000000701800000, 0x0000000800000000)
  region size 2048K, 37 young (75776K), 1 survivors (2048K)
 Metaspace       used 105501K, committed 105984K, reserved 1179648K
  class space    used 14671K, committed 14912K, reserved 1048576K

Heap Regions: E=young(eden), S=young(survivor), O=old, HS=humongous(starts), HC=humongous(continues), CS=collection set, F=free, OA=open archive, CA=closed archive, TAMS=top-at-mark-start (previous, next)
|   0|0x0000000701800000, 0x0000000701a00000, 0x0000000701a00000|100%|HS|  |TAMS 0x0000000701a00000, 0x0000000701800000| Untracked 
|   1|0x0000000701a00000, 0x0000000701bfffe8, 0x0000000701c00000| 99%| O|  |TAMS 0x0000000701bfffe8, 0x0000000701a00000| Untracked 
|   2|0x0000000701c00000, 0x0000000701dfffe0, 0x0000000701e00000| 99%| O|  |TAMS 0x0000000701dfffe0, 0x0000000701c00000| Untracked 
|   3|0x0000000701e00000, 0x0000000701ffffe8, 0x0000000702000000| 99%| O|  |TAMS 0x0000000701ffffe8, 0x0000000701e00000| Untracked 
|   4|0x0000000702000000, 0x0000000702200000, 0x0000000702200000|100%| O|  |TAMS 0x0000000702200000, 0x0000000702000000| Untracked 
|   5|0x0000000702200000, 0x0000000702400000, 0x0000000702400000|100%| O|  |TAMS 0x0000000702400000, 0x0000000702200000| Untracked 
|   6|0x0000000702400000, 0x0000000702600000, 0x0000000702600000|100%| O|  |TAMS 0x0000000702600000, 0x0000000702400000| Untracked 
|   7|0x0000000702600000, 0x00000007027feea0, 0x0000000702800000| 99%| O|  |TAMS 0x00000007027feea0, 0x0000000702600000| Untracked 
|   8|0x0000000702800000, 0x00000007029ffff0, 0x0000000702a00000| 99%| O|  |TAMS 0x00000007029ffff0, 0x0000000702800000| Untracked 
|   9|0x0000000702a00000, 0x0000000702bfffe0, 0x0000000702c00000| 99%| O|  |TAMS 0x0000000702bfffe0, 0x0000000702a00000| Untracked 
|  10|0x0000000702c00000, 0x0000000702dff2b8, 0x0000000702e00000| 99%| O|  |TAMS 0x0000000702dff2b8, 0x0000000702c00000| Untracked 
|  11|0x0000000702e00000, 0x0000000702fffff0, 0x0000000703000000| 99%| O|  |TAMS 0x0000000702fffff0, 0x0000000702e00000| Untracked 
|  12|0x0000000703000000, 0x0000000703200000, 0x0000000703200000|100%| O|  |TAMS 0x0000000703200000, 0x0000000703000000| Untracked 
|  13|0x0000000703200000, 0x00000007033e26d8, 0x0000000703400000| 94%| O|  |TAMS 0x0000000703200000, 0x0000000703200000| Untracked 
|  14|0x0000000703400000, 0x00000007035ffb38, 0x0000000703600000| 99%| O|  |TAMS 0x00000007035ffb38, 0x0000000703400000| Untracked 
|  15|0x0000000703600000, 0x00000007037ffff8, 0x0000000703800000| 99%| O|  |TAMS 0x00000007037ffff8, 0x0000000703600000| Untracked 
|  16|0x0000000703800000, 0x00000007039fffd8, 0x0000000703a00000| 99%| O|  |TAMS 0x00000007039fffd8, 0x0000000703800000| Untracked 
|  17|0x0000000703a00000, 0x0000000703bffd68, 0x0000000703c00000| 99%| O|  |TAMS 0x0000000703bffd68, 0x0000000703a00000| Untracked 
|  18|0x0000000703c00000, 0x0000000703dffe48, 0x0000000703e00000| 99%| O|  |TAMS 0x0000000703dffe48, 0x0000000703c00000| Untracked 
|  19|0x0000000703e00000, 0x0000000703ffffc0, 0x0000000704000000| 99%| O|  |TAMS 0x0000000703ffffc0, 0x0000000703e00000| Untracked 
|  20|0x0000000704000000, 0x00000007041fffa0, 0x0000000704200000| 99%| O|  |TAMS 0x00000007041fffa0, 0x0000000704000000| Untracked 
|  21|0x0000000704200000, 0x00000007043f60a0, 0x0000000704400000| 98%| O|  |TAMS 0x0000000704200000, 0x0000000704200000| Untracked 
|  22|0x0000000704400000, 0x00000007045ccb10, 0x0000000704600000| 89%| O|  |TAMS 0x0000000704400000, 0x0000000704400000| Untracked 
|  23|0x0000000704600000, 0x00000007047aeab0, 0x0000000704800000| 84%| O|  |TAMS 0x0000000704600000, 0x0000000704600000| Untracked 
|  24|0x0000000704800000, 0x0000000704a00000, 0x0000000704a00000|100%| O|  |TAMS 0x0000000704a00000, 0x0000000704800000| Untracked 
|  25|0x0000000704a00000, 0x0000000704be33b0, 0x0000000704c00000| 94%| O|  |TAMS 0x0000000704a00000, 0x0000000704a00000| Untracked 
|  26|0x0000000704c00000, 0x0000000704dfffe8, 0x0000000704e00000| 99%| O|  |TAMS 0x0000000704dfffe8, 0x0000000704c00000| Untracked 
|  27|0x0000000704e00000, 0x0000000704ffff58, 0x0000000705000000| 99%| O|  |TAMS 0x0000000704ffff58, 0x0000000704e00000| Untracked 
|  28|0x0000000705000000, 0x00000007051fffc0, 0x0000000705200000| 99%| O|  |TAMS 0x00000007051fffc0, 0x0000000705000000| Untracked 
|  29|0x0000000705200000, 0x00000007053ffff8, 0x0000000705400000| 99%| O|  |TAMS 0x00000007053ffff8, 0x0000000705200000| Untracked 
|  30|0x0000000705400000, 0x0000000705600000, 0x0000000705600000|100%| O|  |TAMS 0x0000000705600000, 0x0000000705400000| Untracked 
|  31|0x0000000705600000, 0x00000007057ffff8, 0x0000000705800000| 99%| O|  |TAMS 0x00000007057ffff8, 0x0000000705600000| Untracked 
|  32|0x0000000705800000, 0x00000007059ffff8, 0x0000000705a00000| 99%| O|  |TAMS 0x00000007059ffff8, 0x0000000705800000| Untracked 
|  33|0x0000000705a00000, 0x0000000705bffff8, 0x0000000705c00000| 99%| O|  |TAMS 0x0000000705bffff8, 0x0000000705a00000| Untracked 
|  34|0x0000000705c00000, 0x0000000705d79708, 0x0000000705e00000| 73%| O|  |TAMS 0x0000000705c00000, 0x0000000705c00000| Untracked 
|  35|0x0000000705e00000, 0x0000000705fba798, 0x0000000706000000| 86%| O|  |TAMS 0x0000000705e00000, 0x0000000705e00000| Untracked 
|  36|0x0000000706000000, 0x0000000706200000, 0x0000000706200000|100%|HS|  |TAMS 0x0000000706200000, 0x0000000706000000| Untracked 
|  37|0x0000000706200000, 0x00000007063be000, 0x0000000706400000| 87%| O|  |TAMS 0x0000000706200000, 0x0000000706200000| Untracked 
|  38|0x0000000706400000, 0x0000000706600000, 0x0000000706600000|100%| O|  |TAMS 0x0000000706600000, 0x0000000706400000| Untracked 
|  39|0x0000000706600000, 0x000000070679cda8, 0x0000000706800000| 80%| O|  |TAMS 0x0000000706600000, 0x0000000706600000| Untracked 
|  40|0x0000000706800000, 0x000000070699e058, 0x0000000706a00000| 80%| O|  |TAMS 0x0000000706800000, 0x0000000706800000| Untracked 
|  41|0x0000000706a00000, 0x0000000706b94dc8, 0x0000000706c00000| 79%| O|  |TAMS 0x0000000706a00000, 0x0000000706a00000| Untracked 
|  42|0x0000000706c00000, 0x0000000706de05a8, 0x0000000706e00000| 93%| O|  |TAMS 0x0000000706c00000, 0x0000000706c00000| Untracked 
|  43|0x0000000706e00000, 0x0000000706fdc680, 0x0000000707000000| 93%| O|  |TAMS 0x0000000706e00000, 0x0000000706e00000| Untracked 
|  44|0x0000000707000000, 0x000000070712f800, 0x0000000707200000| 59%| O|  |TAMS 0x0000000707000000, 0x0000000707000000| Untracked 
|  45|0x0000000707200000, 0x0000000707200000, 0x0000000707400000|  0%| F|  |TAMS 0x0000000707200000, 0x0000000707200000| Untracked 
|  46|0x0000000707400000, 0x0000000707400000, 0x0000000707600000|  0%| F|  |TAMS 0x0000000707400000, 0x0000000707400000| Untracked 
|  47|0x0000000707600000, 0x0000000707600000, 0x0000000707800000|  0%| F|  |TAMS 0x0000000707600000, 0x0000000707600000| Untracked 
|  48|0x0000000707800000, 0x0000000707800000, 0x0000000707a00000|  0%| F|  |TAMS 0x0000000707800000, 0x0000000707800000| Untracked 
|  49|0x0000000707a00000, 0x0000000707a00000, 0x0000000707c00000|  0%| F|  |TAMS 0x0000000707a00000, 0x0000000707a00000| Untracked 
|  50|0x0000000707c00000, 0x0000000707c00000, 0x0000000707e00000|  0%| F|  |TAMS 0x0000000707c00000, 0x0000000707c00000| Untracked 
|  51|0x0000000707e00000, 0x0000000707e00000, 0x0000000708000000|  0%| F|  |TAMS 0x0000000707e00000, 0x0000000707e00000| Untracked 
|  52|0x0000000708000000, 0x0000000708000000, 0x0000000708200000|  0%| F|  |TAMS 0x0000000708000000, 0x0000000708000000| Untracked 
|  53|0x0000000708200000, 0x0000000708200000, 0x0000000708400000|  0%| F|  |TAMS 0x0000000708200000, 0x0000000708200000| Untracked 
|  54|0x0000000708400000, 0x0000000708400000, 0x0000000708600000|  0%| F|  |TAMS 0x0000000708400000, 0x0000000708400000| Untracked 
|  55|0x0000000708600000, 0x0000000708800000, 0x0000000708800000|100%| O|  |TAMS 0x0000000708800000, 0x0000000708600000| Untracked 
|  56|0x0000000708800000, 0x0000000708800000, 0x0000000708a00000|  0%| F|  |TAMS 0x0000000708800000, 0x0000000708800000| Untracked 
|  57|0x0000000708a00000, 0x0000000708b75ed8, 0x0000000708c00000| 73%| O|  |TAMS 0x0000000708a00000, 0x0000000708a00000| Untracked 
|  58|0x0000000708c00000, 0x0000000708c00000, 0x0000000708e00000|  0%| F|  |TAMS 0x0000000708c00000, 0x0000000708c00000| Untracked 
|  59|0x0000000708e00000, 0x0000000708e00000, 0x0000000709000000|  0%| F|  |TAMS 0x0000000708e00000, 0x0000000708e00000| Untracked 
|  60|0x0000000709000000, 0x0000000709200000, 0x0000000709200000|100%|HS|  |TAMS 0x0000000709200000, 0x0000000709000000| Untracked 
|  61|0x0000000709200000, 0x0000000709400000, 0x0000000709400000|100%|HC|  |TAMS 0x0000000709400000, 0x0000000709200000| Untracked 
|  62|0x0000000709400000, 0x0000000709600000, 0x0000000709600000|100%|HC|  |TAMS 0x0000000709600000, 0x0000000709400000| Untracked 
|  63|0x0000000709600000, 0x0000000709800000, 0x0000000709800000|100%|HC|  |TAMS 0x0000000709800000, 0x0000000709600000| Untracked 
|  64|0x0000000709800000, 0x0000000709a00000, 0x0000000709a00000|100%|HS|  |TAMS 0x0000000709a00000, 0x0000000709800000| Untracked 
|  65|0x0000000709a00000, 0x0000000709c00000, 0x0000000709c00000|100%|HC|  |TAMS 0x0000000709c00000, 0x0000000709a00000| Untracked 
|  66|0x0000000709c00000, 0x0000000709e00000, 0x0000000709e00000|100%|HC|  |TAMS 0x0000000709e00000, 0x0000000709c00000| Untracked 
|  67|0x0000000709e00000, 0x000000070a000000, 0x000000070a000000|100%|HC|  |TAMS 0x000000070a000000, 0x0000000709e00000| Untracked 
|  68|0x000000070a000000, 0x000000070a200000, 0x000000070a200000|100%|HC|  |TAMS 0x000000070a200000, 0x000000070a000000| Untracked 
|  69|0x000000070a200000, 0x000000070a400000, 0x000000070a400000|100%|HC|  |TAMS 0x000000070a400000, 0x000000070a200000| Untracked 
|  70|0x000000070a400000, 0x000000070a600000, 0x000000070a600000|100%|HC|  |TAMS 0x000000070a600000, 0x000000070a400000| Untracked 
|  71|0x000000070a600000, 0x000000070a800000, 0x000000070a800000|100%|HC|  |TAMS 0x000000070a800000, 0x000000070a600000| Untracked 
|  72|0x000000070a800000, 0x000000070aa00000, 0x000000070aa00000|100%|HC|  |TAMS 0x000000070aa00000, 0x000000070a800000| Untracked 
|  73|0x000000070aa00000, 0x000000070aa00000, 0x000000070ac00000|  0%| F|  |TAMS 0x000000070aa00000, 0x000000070aa00000| Untracked 
|  74|0x000000070ac00000, 0x000000070ac00000, 0x000000070ae00000|  0%| F|  |TAMS 0x000000070ac00000, 0x000000070ac00000| Untracked 
|  75|0x000000070ae00000, 0x000000070ae00000, 0x000000070b000000|  0%| F|  |TAMS 0x000000070ae00000, 0x000000070ae00000| Untracked 
|  76|0x000000070b000000, 0x000000070b000000, 0x000000070b200000|  0%| F|  |TAMS 0x000000070b000000, 0x000000070b000000| Untracked 
|  77|0x000000070b200000, 0x000000070b200000, 0x000000070b400000|  0%| F|  |TAMS 0x000000070b200000, 0x000000070b200000| Untracked 
|  78|0x000000070b400000, 0x000000070b400000, 0x000000070b600000|  0%| F|  |TAMS 0x000000070b400000, 0x000000070b400000| Untracked 
|  79|0x000000070b600000, 0x000000070b600000, 0x000000070b800000|  0%| F|  |TAMS 0x000000070b600000, 0x000000070b600000| Untracked 
|  80|0x000000070b800000, 0x000000070b800000, 0x000000070ba00000|  0%| F|  |TAMS 0x000000070b800000, 0x000000070b800000| Untracked 
|  81|0x000000070ba00000, 0x000000070ba00000, 0x000000070bc00000|  0%| F|  |TAMS 0x000000070ba00000, 0x000000070ba00000| Untracked 
|  82|0x000000070bc00000, 0x000000070bc00000, 0x000000070be00000|  0%| F|  |TAMS 0x000000070bc00000, 0x000000070bc00000| Untracked 
|  83|0x000000070be00000, 0x000000070be00000, 0x000000070c000000|  0%| F|  |TAMS 0x000000070be00000, 0x000000070be00000| Untracked 
|  84|0x000000070c000000, 0x000000070c000000, 0x000000070c200000|  0%| F|  |TAMS 0x000000070c000000, 0x000000070c000000| Untracked 
|  85|0x000000070c200000, 0x000000070c200000, 0x000000070c400000|  0%| F|  |TAMS 0x000000070c200000, 0x000000070c200000| Untracked 
|  86|0x000000070c400000, 0x000000070c400000, 0x000000070c600000|  0%| F|  |TAMS 0x000000070c400000, 0x000000070c400000| Untracked 
|  87|0x000000070c600000, 0x000000070c600000, 0x000000070c800000|  0%| F|  |TAMS 0x000000070c600000, 0x000000070c600000| Untracked 
|  88|0x000000070c800000, 0x000000070c800000, 0x000000070ca00000|  0%| F|  |TAMS 0x000000070c800000, 0x000000070c800000| Untracked 
|  89|0x000000070ca00000, 0x000000070ca00000, 0x000000070cc00000|  0%| F|  |TAMS 0x000000070ca00000, 0x000000070ca00000| Untracked 
|  90|0x000000070cc00000, 0x000000070cc00000, 0x000000070ce00000|  0%| F|  |TAMS 0x000000070cc00000, 0x000000070cc00000| Untracked 
|  91|0x000000070ce00000, 0x000000070ce00000, 0x000000070d000000|  0%| F|  |TAMS 0x000000070ce00000, 0x000000070ce00000| Untracked 
|  92|0x000000070d000000, 0x000000070d000000, 0x000000070d200000|  0%| F|  |TAMS 0x000000070d000000, 0x000000070d000000| Untracked 
|  93|0x000000070d200000, 0x000000070d200000, 0x000000070d400000|  0%| F|  |TAMS 0x000000070d200000, 0x000000070d200000| Untracked 
|  94|0x000000070d400000, 0x000000070d400000, 0x000000070d600000|  0%| F|  |TAMS 0x000000070d400000, 0x000000070d400000| Untracked 
|  95|0x000000070d600000, 0x000000070d600000, 0x000000070d800000|  0%| F|  |TAMS 0x000000070d600000, 0x000000070d600000| Untracked 
|  96|0x000000070d800000, 0x000000070d800000, 0x000000070da00000|  0%| F|  |TAMS 0x000000070d800000, 0x000000070d800000| Untracked 
|  97|0x000000070da00000, 0x000000070da00000, 0x000000070dc00000|  0%| F|  |TAMS 0x000000070da00000, 0x000000070da00000| Untracked 
|  98|0x000000070dc00000, 0x000000070dc00000, 0x000000070de00000|  0%| F|  |TAMS 0x000000070dc00000, 0x000000070dc00000| Untracked 
|  99|0x000000070de00000, 0x000000070de00000, 0x000000070e000000|  0%| F|  |TAMS 0x000000070de00000, 0x000000070de00000| Untracked 
| 100|0x000000070e000000, 0x000000070e000000, 0x000000070e200000|  0%| F|  |TAMS 0x000000070e000000, 0x000000070e000000| Untracked 
| 101|0x000000070e200000, 0x000000070e200000, 0x000000070e400000|  0%| F|  |TAMS 0x000000070e200000, 0x000000070e200000| Untracked 
| 102|0x000000070e400000, 0x000000070e400000, 0x000000070e600000|  0%| F|  |TAMS 0x000000070e400000, 0x000000070e400000| Untracked 
| 103|0x000000070e600000, 0x000000070e600000, 0x000000070e800000|  0%| F|  |TAMS 0x000000070e600000, 0x000000070e600000| Untracked 
| 104|0x000000070e800000, 0x000000070e800000, 0x000000070ea00000|  0%| F|  |TAMS 0x000000070e800000, 0x000000070e800000| Untracked 
| 105|0x000000070ea00000, 0x000000070ea00000, 0x000000070ec00000|  0%| F|  |TAMS 0x000000070ea00000, 0x000000070ea00000| Untracked 
| 106|0x000000070ec00000, 0x000000070ec00000, 0x000000070ee00000|  0%| F|  |TAMS 0x000000070ec00000, 0x000000070ec00000| Untracked 
| 107|0x000000070ee00000, 0x000000070ee00000, 0x000000070f000000|  0%| F|  |TAMS 0x000000070ee00000, 0x000000070ee00000| Untracked 
| 108|0x000000070f000000, 0x000000070f000000, 0x000000070f200000|  0%| F|  |TAMS 0x000000070f000000, 0x000000070f000000| Untracked 
| 109|0x000000070f200000, 0x000000070f200000, 0x000000070f400000|  0%| F|  |TAMS 0x000000070f200000, 0x000000070f200000| Untracked 
| 110|0x000000070f400000, 0x000000070f400000, 0x000000070f600000|  0%| F|  |TAMS 0x000000070f400000, 0x000000070f400000| Untracked 
| 111|0x000000070f600000, 0x000000070f600000, 0x000000070f800000|  0%| F|  |TAMS 0x000000070f600000, 0x000000070f600000| Untracked 
| 112|0x000000070f800000, 0x000000070f800000, 0x000000070fa00000|  0%| F|  |TAMS 0x000000070f800000, 0x000000070f800000| Untracked 
| 113|0x000000070fa00000, 0x000000070fa00000, 0x000000070fc00000|  0%| F|  |TAMS 0x000000070fa00000, 0x000000070fa00000| Untracked 
| 114|0x000000070fc00000, 0x000000070fc00000, 0x000000070fe00000|  0%| F|  |TAMS 0x000000070fc00000, 0x000000070fc00000| Untracked 
| 115|0x000000070fe00000, 0x000000070fe00000, 0x0000000710000000|  0%| F|  |TAMS 0x000000070fe00000, 0x000000070fe00000| Untracked 
| 116|0x0000000710000000, 0x0000000710000000, 0x0000000710200000|  0%| F|  |TAMS 0x0000000710000000, 0x0000000710000000| Untracked 
| 117|0x0000000710200000, 0x0000000710200000, 0x0000000710400000|  0%| F|  |TAMS 0x0000000710200000, 0x0000000710200000| Untracked 
| 118|0x0000000710400000, 0x0000000710400000, 0x0000000710600000|  0%| F|  |TAMS 0x0000000710400000, 0x0000000710400000| Untracked 
| 119|0x0000000710600000, 0x0000000710600000, 0x0000000710800000|  0%| F|  |TAMS 0x0000000710600000, 0x0000000710600000| Untracked 
| 120|0x0000000710800000, 0x0000000710800000, 0x0000000710a00000|  0%| F|  |TAMS 0x0000000710800000, 0x0000000710800000| Untracked 
| 121|0x0000000710a00000, 0x0000000710a00000, 0x0000000710c00000|  0%| F|  |TAMS 0x0000000710a00000, 0x0000000710a00000| Untracked 
| 122|0x0000000710c00000, 0x0000000710c00000, 0x0000000710e00000|  0%| F|  |TAMS 0x0000000710c00000, 0x0000000710c00000| Untracked 
| 123|0x0000000710e00000, 0x0000000710e00000, 0x0000000711000000|  0%| F|  |TAMS 0x0000000710e00000, 0x0000000710e00000| Untracked 
| 124|0x0000000711000000, 0x0000000711000000, 0x0000000711200000|  0%| F|  |TAMS 0x0000000711000000, 0x0000000711000000| Untracked 
| 125|0x0000000711200000, 0x0000000711200000, 0x0000000711400000|  0%| F|  |TAMS 0x0000000711200000, 0x0000000711200000| Untracked 
| 126|0x0000000711400000, 0x0000000711400000, 0x0000000711600000|  0%| F|  |TAMS 0x0000000711400000, 0x0000000711400000| Untracked 
| 127|0x0000000711600000, 0x0000000711600000, 0x0000000711800000|  0%| F|  |TAMS 0x0000000711600000, 0x0000000711600000| Untracked 
| 128|0x0000000711800000, 0x0000000711800000, 0x0000000711a00000|  0%| F|  |TAMS 0x0000000711800000, 0x0000000711800000| Untracked 
| 129|0x0000000711a00000, 0x0000000711a00000, 0x0000000711c00000|  0%| F|  |TAMS 0x0000000711a00000, 0x0000000711a00000| Untracked 
| 130|0x0000000711c00000, 0x0000000711c00000, 0x0000000711e00000|  0%| F|  |TAMS 0x0000000711c00000, 0x0000000711c00000| Untracked 
| 131|0x0000000711e00000, 0x0000000711e00000, 0x0000000712000000|  0%| F|  |TAMS 0x0000000711e00000, 0x0000000711e00000| Untracked 
| 132|0x0000000712000000, 0x0000000712000000, 0x0000000712200000|  0%| F|  |TAMS 0x0000000712000000, 0x0000000712000000| Untracked 
| 133|0x0000000712200000, 0x0000000712200000, 0x0000000712400000|  0%| F|  |TAMS 0x0000000712200000, 0x0000000712200000| Untracked 
| 134|0x0000000712400000, 0x0000000712400000, 0x0000000712600000|  0%| F|  |TAMS 0x0000000712400000, 0x0000000712400000| Untracked 
| 135|0x0000000712600000, 0x0000000712600000, 0x0000000712800000|  0%| F|  |TAMS 0x0000000712600000, 0x0000000712600000| Untracked 
| 136|0x0000000712800000, 0x0000000712800000, 0x0000000712a00000|  0%| F|  |TAMS 0x0000000712800000, 0x0000000712800000| Untracked 
| 137|0x0000000712a00000, 0x0000000712a00000, 0x0000000712c00000|  0%| F|  |TAMS 0x0000000712a00000, 0x0000000712a00000| Untracked 
| 138|0x0000000712c00000, 0x0000000712c00000, 0x0000000712e00000|  0%| F|  |TAMS 0x0000000712c00000, 0x0000000712c00000| Untracked 
| 139|0x0000000712e00000, 0x0000000712e00000, 0x0000000713000000|  0%| F|  |TAMS 0x0000000712e00000, 0x0000000712e00000| Untracked 
| 140|0x0000000713000000, 0x0000000713000000, 0x0000000713200000|  0%| F|  |TAMS 0x0000000713000000, 0x0000000713000000| Untracked 
| 141|0x0000000713200000, 0x0000000713200000, 0x0000000713400000|  0%| F|  |TAMS 0x0000000713200000, 0x0000000713200000| Untracked 
| 142|0x0000000713400000, 0x0000000713400000, 0x0000000713600000|  0%| F|  |TAMS 0x0000000713400000, 0x0000000713400000| Untracked 
| 143|0x0000000713600000, 0x0000000713600000, 0x0000000713800000|  0%| F|  |TAMS 0x0000000713600000, 0x0000000713600000| Untracked 
| 144|0x0000000713800000, 0x0000000713800000, 0x0000000713a00000|  0%| F|  |TAMS 0x0000000713800000, 0x0000000713800000| Untracked 
| 145|0x0000000713a00000, 0x0000000713a00000, 0x0000000713c00000|  0%| F|  |TAMS 0x0000000713a00000, 0x0000000713a00000| Untracked 
| 146|0x0000000713c00000, 0x0000000713c00000, 0x0000000713e00000|  0%| F|  |TAMS 0x0000000713c00000, 0x0000000713c00000| Untracked 
| 147|0x0000000713e00000, 0x0000000713e00000, 0x0000000714000000|  0%| F|  |TAMS 0x0000000713e00000, 0x0000000713e00000| Untracked 
| 148|0x0000000714000000, 0x0000000714000000, 0x0000000714200000|  0%| F|  |TAMS 0x0000000714000000, 0x0000000714000000| Untracked 
| 149|0x0000000714200000, 0x0000000714200000, 0x0000000714400000|  0%| F|  |TAMS 0x0000000714200000, 0x0000000714200000| Untracked 
| 150|0x0000000714400000, 0x0000000714400000, 0x0000000714600000|  0%| F|  |TAMS 0x0000000714400000, 0x0000000714400000| Untracked 
| 151|0x0000000714600000, 0x0000000714600000, 0x0000000714800000|  0%| F|  |TAMS 0x0000000714600000, 0x0000000714600000| Untracked 
| 152|0x0000000714800000, 0x0000000714800000, 0x0000000714a00000|  0%| F|  |TAMS 0x0000000714800000, 0x0000000714800000| Untracked 
| 153|0x0000000714a00000, 0x0000000714a00000, 0x0000000714c00000|  0%| F|  |TAMS 0x0000000714a00000, 0x0000000714a00000| Untracked 
| 154|0x0000000714c00000, 0x0000000714c00000, 0x0000000714e00000|  0%| F|  |TAMS 0x0000000714c00000, 0x0000000714c00000| Untracked 
| 155|0x0000000714e00000, 0x0000000714e00000, 0x0000000715000000|  0%| F|  |TAMS 0x0000000714e00000, 0x0000000714e00000| Untracked 
| 156|0x0000000715000000, 0x0000000715000000, 0x0000000715200000|  0%| F|  |TAMS 0x0000000715000000, 0x0000000715000000| Untracked 
| 157|0x0000000715200000, 0x0000000715200000, 0x0000000715400000|  0%| F|  |TAMS 0x0000000715200000, 0x0000000715200000| Untracked 
| 158|0x0000000715400000, 0x0000000715400000, 0x0000000715600000|  0%| F|  |TAMS 0x0000000715400000, 0x0000000715400000| Untracked 
| 159|0x0000000715600000, 0x0000000715600000, 0x0000000715800000|  0%| F|  |TAMS 0x0000000715600000, 0x0000000715600000| Untracked 
| 160|0x0000000715800000, 0x0000000715800000, 0x0000000715a00000|  0%| F|  |TAMS 0x0000000715800000, 0x0000000715800000| Untracked 
| 161|0x0000000715a00000, 0x0000000715a00000, 0x0000000715c00000|  0%| F|  |TAMS 0x0000000715a00000, 0x0000000715a00000| Untracked 
| 162|0x0000000715c00000, 0x0000000715c00000, 0x0000000715e00000|  0%| F|  |TAMS 0x0000000715c00000, 0x0000000715c00000| Untracked 
| 163|0x0000000715e00000, 0x0000000715e00000, 0x0000000716000000|  0%| F|  |TAMS 0x0000000715e00000, 0x0000000715e00000| Untracked 
| 164|0x0000000716000000, 0x0000000716000000, 0x0000000716200000|  0%| F|  |TAMS 0x0000000716000000, 0x0000000716000000| Untracked 
| 165|0x0000000716200000, 0x0000000716200000, 0x0000000716400000|  0%| F|  |TAMS 0x0000000716200000, 0x0000000716200000| Untracked 
| 166|0x0000000716400000, 0x0000000716400000, 0x0000000716600000|  0%| F|  |TAMS 0x0000000716400000, 0x0000000716400000| Untracked 
| 167|0x0000000716600000, 0x0000000716600000, 0x0000000716800000|  0%| F|  |TAMS 0x0000000716600000, 0x0000000716600000| Untracked 
| 168|0x0000000716800000, 0x0000000716800000, 0x0000000716a00000|  0%| F|  |TAMS 0x0000000716800000, 0x0000000716800000| Untracked 
| 169|0x0000000716a00000, 0x0000000716a00000, 0x0000000716c00000|  0%| F|  |TAMS 0x0000000716a00000, 0x0000000716a00000| Untracked 
| 170|0x0000000716c00000, 0x0000000716c00000, 0x0000000716e00000|  0%| F|  |TAMS 0x0000000716c00000, 0x0000000716c00000| Untracked 
| 171|0x0000000716e00000, 0x0000000716e00000, 0x0000000717000000|  0%| F|  |TAMS 0x0000000716e00000, 0x0000000716e00000| Untracked 
| 172|0x0000000717000000, 0x0000000717000000, 0x0000000717200000|  0%| F|  |TAMS 0x0000000717000000, 0x0000000717000000| Untracked 
| 173|0x0000000717200000, 0x0000000717200000, 0x0000000717400000|  0%| F|  |TAMS 0x0000000717200000, 0x0000000717200000| Untracked 
| 174|0x0000000717400000, 0x0000000717400000, 0x0000000717600000|  0%| F|  |TAMS 0x0000000717400000, 0x0000000717400000| Untracked 
| 175|0x0000000717600000, 0x0000000717600000, 0x0000000717800000|  0%| F|  |TAMS 0x0000000717600000, 0x0000000717600000| Untracked 
| 176|0x0000000717800000, 0x0000000717800000, 0x0000000717a00000|  0%| F|  |TAMS 0x0000000717800000, 0x0000000717800000| Untracked 
| 177|0x0000000717a00000, 0x0000000717a00000, 0x0000000717c00000|  0%| F|  |TAMS 0x0000000717a00000, 0x0000000717a00000| Untracked 
| 178|0x0000000717c00000, 0x0000000717c00000, 0x0000000717e00000|  0%| F|  |TAMS 0x0000000717c00000, 0x0000000717c00000| Untracked 
| 179|0x0000000717e00000, 0x0000000717e00000, 0x0000000718000000|  0%| F|  |TAMS 0x0000000717e00000, 0x0000000717e00000| Untracked 
| 180|0x0000000718000000, 0x0000000718000000, 0x0000000718200000|  0%| F|  |TAMS 0x0000000718000000, 0x0000000718000000| Untracked 
| 181|0x0000000718200000, 0x0000000718200000, 0x0000000718400000|  0%| F|  |TAMS 0x0000000718200000, 0x0000000718200000| Untracked 
| 182|0x0000000718400000, 0x0000000718400000, 0x0000000718600000|  0%| F|  |TAMS 0x0000000718400000, 0x0000000718400000| Untracked 
| 183|0x0000000718600000, 0x0000000718600000, 0x0000000718800000|  0%| F|  |TAMS 0x0000000718600000, 0x0000000718600000| Untracked 
| 184|0x0000000718800000, 0x0000000718800000, 0x0000000718a00000|  0%| F|  |TAMS 0x0000000718800000, 0x0000000718800000| Untracked 
| 185|0x0000000718a00000, 0x0000000718a16188, 0x0000000718c00000|  4%| O|  |TAMS 0x0000000718a00000, 0x0000000718a00000| Untracked 
| 186|0x0000000718c00000, 0x0000000718c00000, 0x0000000718e00000|  0%| F|  |TAMS 0x0000000718c00000, 0x0000000718c00000| Untracked 
| 187|0x0000000718e00000, 0x0000000718e00000, 0x0000000719000000|  0%| F|  |TAMS 0x0000000718e00000, 0x0000000718e00000| Untracked 
| 188|0x0000000719000000, 0x0000000719000000, 0x0000000719200000|  0%| F|  |TAMS 0x0000000719000000, 0x0000000719000000| Untracked 
| 189|0x0000000719200000, 0x0000000719200000, 0x0000000719400000|  0%| F|  |TAMS 0x0000000719200000, 0x0000000719200000| Untracked 
| 190|0x0000000719400000, 0x0000000719400000, 0x0000000719600000|  0%| F|  |TAMS 0x0000000719400000, 0x0000000719400000| Untracked 
| 191|0x0000000719600000, 0x0000000719600000, 0x0000000719800000|  0%| F|  |TAMS 0x0000000719600000, 0x0000000719600000| Untracked 
| 192|0x0000000719800000, 0x0000000719800000, 0x0000000719a00000|  0%| F|  |TAMS 0x0000000719800000, 0x0000000719800000| Untracked 
| 193|0x0000000719a00000, 0x0000000719a00000, 0x0000000719c00000|  0%| F|  |TAMS 0x0000000719a00000, 0x0000000719a00000| Untracked 
| 194|0x0000000719c00000, 0x0000000719c00000, 0x0000000719e00000|  0%| F|  |TAMS 0x0000000719c00000, 0x0000000719c00000| Untracked 
| 195|0x0000000719e00000, 0x0000000719e00000, 0x000000071a000000|  0%| F|  |TAMS 0x0000000719e00000, 0x0000000719e00000| Untracked 
| 196|0x000000071a000000, 0x000000071a000000, 0x000000071a200000|  0%| F|  |TAMS 0x000000071a000000, 0x000000071a000000| Untracked 
| 197|0x000000071a200000, 0x000000071a200000, 0x000000071a400000|  0%| F|  |TAMS 0x000000071a200000, 0x000000071a200000| Untracked 
| 198|0x000000071a400000, 0x000000071a400000, 0x000000071a600000|  0%| F|  |TAMS 0x000000071a400000, 0x000000071a400000| Untracked 
| 199|0x000000071a600000, 0x000000071a600000, 0x000000071a800000|  0%| F|  |TAMS 0x000000071a600000, 0x000000071a600000| Untracked 
| 200|0x000000071a800000, 0x000000071a800000, 0x000000071aa00000|  0%| F|  |TAMS 0x000000071a800000, 0x000000071a800000| Untracked 
| 201|0x000000071aa00000, 0x000000071aa00000, 0x000000071ac00000|  0%| F|  |TAMS 0x000000071aa00000, 0x000000071aa00000| Untracked 
| 202|0x000000071ac00000, 0x000000071ac00000, 0x000000071ae00000|  0%| F|  |TAMS 0x000000071ac00000, 0x000000071ac00000| Untracked 
| 203|0x000000071ae00000, 0x000000071ae00000, 0x000000071b000000|  0%| F|  |TAMS 0x000000071ae00000, 0x000000071ae00000| Untracked 
| 204|0x000000071b000000, 0x000000071b000000, 0x000000071b200000|  0%| F|  |TAMS 0x000000071b000000, 0x000000071b000000| Untracked 
| 205|0x000000071b200000, 0x000000071b200000, 0x000000071b400000|  0%| F|  |TAMS 0x000000071b200000, 0x000000071b200000| Untracked 
| 206|0x000000071b400000, 0x000000071b400000, 0x000000071b600000|  0%| F|  |TAMS 0x000000071b400000, 0x000000071b400000| Untracked 
| 207|0x000000071b600000, 0x000000071b600000, 0x000000071b800000|  0%| F|  |TAMS 0x000000071b600000, 0x000000071b600000| Untracked 
| 208|0x000000071b800000, 0x000000071b800000, 0x000000071ba00000|  0%| F|  |TAMS 0x000000071b800000, 0x000000071b800000| Untracked 
| 209|0x000000071ba00000, 0x000000071ba00000, 0x000000071bc00000|  0%| F|  |TAMS 0x000000071ba00000, 0x000000071ba00000| Untracked 
| 210|0x000000071bc00000, 0x000000071bc00000, 0x000000071be00000|  0%| F|  |TAMS 0x000000071bc00000, 0x000000071bc00000| Untracked 
| 211|0x000000071be00000, 0x000000071be00000, 0x000000071c000000|  0%| F|  |TAMS 0x000000071be00000, 0x000000071be00000| Untracked 
| 212|0x000000071c000000, 0x000000071c000000, 0x000000071c200000|  0%| F|  |TAMS 0x000000071c000000, 0x000000071c000000| Untracked 
| 213|0x000000071c200000, 0x000000071c200000, 0x000000071c400000|  0%| F|  |TAMS 0x000000071c200000, 0x000000071c200000| Untracked 
| 214|0x000000071c400000, 0x000000071c400000, 0x000000071c600000|  0%| F|  |TAMS 0x000000071c400000, 0x000000071c400000| Untracked 
| 215|0x000000071c600000, 0x000000071c600000, 0x000000071c800000|  0%| F|  |TAMS 0x000000071c600000, 0x000000071c600000| Untracked 
| 216|0x000000071c800000, 0x000000071c800000, 0x000000071ca00000|  0%| F|  |TAMS 0x000000071c800000, 0x000000071c800000| Untracked 
| 217|0x000000071ca00000, 0x000000071ca00000, 0x000000071cc00000|  0%| F|  |TAMS 0x000000071ca00000, 0x000000071ca00000| Untracked 
| 218|0x000000071cc00000, 0x000000071cc00000, 0x000000071ce00000|  0%| F|  |TAMS 0x000000071cc00000, 0x000000071cc00000| Untracked 
| 219|0x000000071ce00000, 0x000000071ce00000, 0x000000071d000000|  0%| F|  |TAMS 0x000000071ce00000, 0x000000071ce00000| Untracked 
| 220|0x000000071d000000, 0x000000071d000000, 0x000000071d200000|  0%| F|  |TAMS 0x000000071d000000, 0x000000071d000000| Untracked 
| 221|0x000000071d200000, 0x000000071d200000, 0x000000071d400000|  0%| F|  |TAMS 0x000000071d200000, 0x000000071d200000| Untracked 
| 222|0x000000071d400000, 0x000000071d400000, 0x000000071d600000|  0%| F|  |TAMS 0x000000071d400000, 0x000000071d400000| Untracked 
| 223|0x000000071d600000, 0x000000071d600000, 0x000000071d800000|  0%| F|  |TAMS 0x000000071d600000, 0x000000071d600000| Untracked 
| 224|0x000000071d800000, 0x000000071d800000, 0x000000071da00000|  0%| F|  |TAMS 0x000000071d800000, 0x000000071d800000| Untracked 
| 225|0x000000071da00000, 0x000000071da00000, 0x000000071dc00000|  0%| F|  |TAMS 0x000000071da00000, 0x000000071da00000| Untracked 
| 226|0x000000071dc00000, 0x000000071dc00000, 0x000000071de00000|  0%| F|  |TAMS 0x000000071dc00000, 0x000000071dc00000| Untracked 
| 227|0x000000071de00000, 0x000000071de00000, 0x000000071e000000|  0%| F|  |TAMS 0x000000071de00000, 0x000000071de00000| Untracked 
| 228|0x000000071e000000, 0x000000071e000000, 0x000000071e200000|  0%| F|  |TAMS 0x000000071e000000, 0x000000071e000000| Untracked 
| 229|0x000000071e200000, 0x000000071e200000, 0x000000071e400000|  0%| F|  |TAMS 0x000000071e200000, 0x000000071e200000| Untracked 
| 230|0x000000071e400000, 0x000000071e400000, 0x000000071e600000|  0%| F|  |TAMS 0x000000071e400000, 0x000000071e400000| Untracked 
| 231|0x000000071e600000, 0x000000071e600000, 0x000000071e800000|  0%| F|  |TAMS 0x000000071e600000, 0x000000071e600000| Untracked 
| 232|0x000000071e800000, 0x000000071e800000, 0x000000071ea00000|  0%| F|  |TAMS 0x000000071e800000, 0x000000071e800000| Untracked 
| 233|0x000000071ea00000, 0x000000071ea00000, 0x000000071ec00000|  0%| F|  |TAMS 0x000000071ea00000, 0x000000071ea00000| Untracked 
| 234|0x000000071ec00000, 0x000000071ec00000, 0x000000071ee00000|  0%| F|  |TAMS 0x000000071ec00000, 0x000000071ec00000| Untracked 
| 235|0x000000071ee00000, 0x000000071ee00000, 0x000000071f000000|  0%| F|  |TAMS 0x000000071ee00000, 0x000000071ee00000| Untracked 
| 236|0x000000071f000000, 0x000000071f000000, 0x000000071f200000|  0%| F|  |TAMS 0x000000071f000000, 0x000000071f000000| Untracked 
| 237|0x000000071f200000, 0x000000071f200000, 0x000000071f400000|  0%| F|  |TAMS 0x000000071f200000, 0x000000071f200000| Untracked 
| 238|0x000000071f400000, 0x000000071f400000, 0x000000071f600000|  0%| F|  |TAMS 0x000000071f400000, 0x000000071f400000| Untracked 
| 239|0x000000071f600000, 0x000000071f600000, 0x000000071f800000|  0%| F|  |TAMS 0x000000071f600000, 0x000000071f600000| Untracked 
| 240|0x000000071f800000, 0x000000071f800000, 0x000000071fa00000|  0%| F|  |TAMS 0x000000071f800000, 0x000000071f800000| Untracked 
| 241|0x000000071fa00000, 0x000000071fa00000, 0x000000071fc00000|  0%| F|  |TAMS 0x000000071fa00000, 0x000000071fa00000| Untracked 
| 242|0x000000071fc00000, 0x000000071fc00000, 0x000000071fe00000|  0%| F|  |TAMS 0x000000071fc00000, 0x000000071fc00000| Untracked 
| 243|0x000000071fe00000, 0x000000071fe00000, 0x0000000720000000|  0%| F|  |TAMS 0x000000071fe00000, 0x000000071fe00000| Untracked 
| 244|0x0000000720000000, 0x0000000720000000, 0x0000000720200000|  0%| F|  |TAMS 0x0000000720000000, 0x0000000720000000| Untracked 
| 245|0x0000000720200000, 0x0000000720200000, 0x0000000720400000|  0%| F|  |TAMS 0x0000000720200000, 0x0000000720200000| Untracked 
| 246|0x0000000720400000, 0x0000000720400000, 0x0000000720600000|  0%| F|  |TAMS 0x0000000720400000, 0x0000000720400000| Untracked 
| 247|0x0000000720600000, 0x0000000720600000, 0x0000000720800000|  0%| F|  |TAMS 0x0000000720600000, 0x0000000720600000| Untracked 
| 248|0x0000000720800000, 0x0000000720800000, 0x0000000720a00000|  0%| F|  |TAMS 0x0000000720800000, 0x0000000720800000| Untracked 
| 249|0x0000000720a00000, 0x0000000720a00000, 0x0000000720c00000|  0%| F|  |TAMS 0x0000000720a00000, 0x0000000720a00000| Untracked 
| 250|0x0000000720c00000, 0x0000000720c00000, 0x0000000720e00000|  0%| F|  |TAMS 0x0000000720c00000, 0x0000000720c00000| Untracked 
| 251|0x0000000720e00000, 0x0000000720e00000, 0x0000000721000000|  0%| F|  |TAMS 0x0000000720e00000, 0x0000000720e00000| Untracked 
| 252|0x0000000721000000, 0x0000000721000000, 0x0000000721200000|  0%| F|  |TAMS 0x0000000721000000, 0x0000000721000000| Untracked 
| 253|0x0000000721200000, 0x0000000721200000, 0x0000000721400000|  0%| F|  |TAMS 0x0000000721200000, 0x0000000721200000| Untracked 
| 254|0x0000000721400000, 0x0000000721400000, 0x0000000721600000|  0%| F|  |TAMS 0x0000000721400000, 0x0000000721400000| Untracked 
| 255|0x0000000721600000, 0x0000000721600000, 0x0000000721800000|  0%| F|  |TAMS 0x0000000721600000, 0x0000000721600000| Untracked 
| 256|0x0000000721800000, 0x0000000721800000, 0x0000000721a00000|  0%| F|  |TAMS 0x0000000721800000, 0x0000000721800000| Untracked 
| 257|0x0000000721a00000, 0x0000000721a00000, 0x0000000721c00000|  0%| F|  |TAMS 0x0000000721a00000, 0x0000000721a00000| Untracked 
| 258|0x0000000721c00000, 0x0000000721c00000, 0x0000000721e00000|  0%| F|  |TAMS 0x0000000721c00000, 0x0000000721c00000| Untracked 
| 259|0x0000000721e00000, 0x0000000721e00000, 0x0000000722000000|  0%| F|  |TAMS 0x0000000721e00000, 0x0000000721e00000| Untracked 
| 260|0x0000000722000000, 0x0000000722000000, 0x0000000722200000|  0%| F|  |TAMS 0x0000000722000000, 0x0000000722000000| Untracked 
| 261|0x0000000722200000, 0x0000000722200000, 0x0000000722400000|  0%| F|  |TAMS 0x0000000722200000, 0x0000000722200000| Untracked 
| 262|0x0000000722400000, 0x0000000722400000, 0x0000000722600000|  0%| F|  |TAMS 0x0000000722400000, 0x0000000722400000| Untracked 
| 263|0x0000000722600000, 0x0000000722600000, 0x0000000722800000|  0%| F|  |TAMS 0x0000000722600000, 0x0000000722600000| Untracked 
| 264|0x0000000722800000, 0x0000000722800000, 0x0000000722a00000|  0%| F|  |TAMS 0x0000000722800000, 0x0000000722800000| Untracked 
| 265|0x0000000722a00000, 0x0000000722a00000, 0x0000000722c00000|  0%| F|  |TAMS 0x0000000722a00000, 0x0000000722a00000| Untracked 
| 266|0x0000000722c00000, 0x0000000722c00000, 0x0000000722e00000|  0%| F|  |TAMS 0x0000000722c00000, 0x0000000722c00000| Untracked 
| 267|0x0000000722e00000, 0x0000000722e00000, 0x0000000723000000|  0%| F|  |TAMS 0x0000000722e00000, 0x0000000722e00000| Untracked 
| 268|0x0000000723000000, 0x0000000723000000, 0x0000000723200000|  0%| F|  |TAMS 0x0000000723000000, 0x0000000723000000| Untracked 
| 269|0x0000000723200000, 0x0000000723400000, 0x0000000723400000|100%| S|CS|TAMS 0x0000000723200000, 0x0000000723200000| Complete 
| 270|0x0000000723400000, 0x0000000723400000, 0x0000000723600000|  0%| F|  |TAMS 0x0000000723400000, 0x0000000723400000| Untracked 
| 271|0x0000000723600000, 0x0000000723600000, 0x0000000723800000|  0%| F|  |TAMS 0x0000000723600000, 0x0000000723600000| Untracked 
| 272|0x0000000723800000, 0x0000000723806bf0, 0x0000000723a00000|  1%| E|  |TAMS 0x0000000723800000, 0x0000000723800000| Complete 
| 273|0x0000000723a00000, 0x0000000723c00000, 0x0000000723c00000|100%| E|  |TAMS 0x0000000723a00000, 0x0000000723a00000| Complete 
| 274|0x0000000723c00000, 0x0000000723e00000, 0x0000000723e00000|100%| E|CS|TAMS 0x0000000723c00000, 0x0000000723c00000| Complete 
| 275|0x0000000723e00000, 0x0000000724000000, 0x0000000724000000|100%| E|CS|TAMS 0x0000000723e00000, 0x0000000723e00000| Complete 
| 276|0x0000000724000000, 0x0000000724200000, 0x0000000724200000|100%| E|CS|TAMS 0x0000000724000000, 0x0000000724000000| Complete 
| 277|0x0000000724200000, 0x0000000724400000, 0x0000000724400000|100%| E|CS|TAMS 0x0000000724200000, 0x0000000724200000| Complete 
| 278|0x0000000724400000, 0x0000000724600000, 0x0000000724600000|100%| E|CS|TAMS 0x0000000724400000, 0x0000000724400000| Complete 
| 279|0x0000000724600000, 0x0000000724800000, 0x0000000724800000|100%| E|CS|TAMS 0x0000000724600000, 0x0000000724600000| Complete 
| 280|0x0000000724800000, 0x0000000724a00000, 0x0000000724a00000|100%| E|CS|TAMS 0x0000000724800000, 0x0000000724800000| Complete 
| 281|0x0000000724a00000, 0x0000000724c00000, 0x0000000724c00000|100%| E|CS|TAMS 0x0000000724a00000, 0x0000000724a00000| Complete 
| 282|0x0000000724c00000, 0x0000000724e00000, 0x0000000724e00000|100%| E|CS|TAMS 0x0000000724c00000, 0x0000000724c00000| Complete 
| 283|0x0000000724e00000, 0x0000000725000000, 0x0000000725000000|100%| E|CS|TAMS 0x0000000724e00000, 0x0000000724e00000| Complete 
| 284|0x0000000725000000, 0x0000000725200000, 0x0000000725200000|100%| E|CS|TAMS 0x0000000725000000, 0x0000000725000000| Complete 
| 285|0x0000000725200000, 0x0000000725400000, 0x0000000725400000|100%| E|CS|TAMS 0x0000000725200000, 0x0000000725200000| Complete 
| 286|0x0000000725400000, 0x0000000725600000, 0x0000000725600000|100%| E|CS|TAMS 0x0000000725400000, 0x0000000725400000| Complete 
| 287|0x0000000725600000, 0x0000000725800000, 0x0000000725800000|100%| E|CS|TAMS 0x0000000725600000, 0x0000000725600000| Complete 
| 288|0x0000000725800000, 0x0000000725a00000, 0x0000000725a00000|100%| E|CS|TAMS 0x0000000725800000, 0x0000000725800000| Complete 
| 289|0x0000000725a00000, 0x0000000725c00000, 0x0000000725c00000|100%| E|CS|TAMS 0x0000000725a00000, 0x0000000725a00000| Complete 
| 290|0x0000000725c00000, 0x0000000725e00000, 0x0000000725e00000|100%| E|CS|TAMS 0x0000000725c00000, 0x0000000725c00000| Complete 
| 291|0x0000000725e00000, 0x0000000726000000, 0x0000000726000000|100%| E|CS|TAMS 0x0000000725e00000, 0x0000000725e00000| Complete 
| 292|0x0000000726000000, 0x0000000726200000, 0x0000000726200000|100%| E|CS|TAMS 0x0000000726000000, 0x0000000726000000| Complete 
| 293|0x0000000726200000, 0x0000000726400000, 0x0000000726400000|100%| E|CS|TAMS 0x0000000726200000, 0x0000000726200000| Complete 
| 294|0x0000000726400000, 0x0000000726600000, 0x0000000726600000|100%| E|CS|TAMS 0x0000000726400000, 0x0000000726400000| Complete 
| 295|0x0000000726600000, 0x0000000726800000, 0x0000000726800000|100%| E|CS|TAMS 0x0000000726600000, 0x0000000726600000| Complete 
| 296|0x0000000726800000, 0x0000000726a00000, 0x0000000726a00000|100%| E|CS|TAMS 0x0000000726800000, 0x0000000726800000| Complete 
| 297|0x0000000726a00000, 0x0000000726c00000, 0x0000000726c00000|100%| E|CS|TAMS 0x0000000726a00000, 0x0000000726a00000| Complete 
| 298|0x0000000726c00000, 0x0000000726e00000, 0x0000000726e00000|100%| E|CS|TAMS 0x0000000726c00000, 0x0000000726c00000| Complete 
| 299|0x0000000726e00000, 0x0000000727000000, 0x0000000727000000|100%| E|CS|TAMS 0x0000000726e00000, 0x0000000726e00000| Complete 
| 300|0x0000000727000000, 0x0000000727200000, 0x0000000727200000|100%| E|CS|TAMS 0x0000000727000000, 0x0000000727000000| Complete 
| 301|0x0000000727200000, 0x0000000727400000, 0x0000000727400000|100%| E|CS|TAMS 0x0000000727200000, 0x0000000727200000| Complete 
| 302|0x0000000727400000, 0x0000000727600000, 0x0000000727600000|100%| E|CS|TAMS 0x0000000727400000, 0x0000000727400000| Complete 
| 303|0x0000000727600000, 0x0000000727800000, 0x0000000727800000|100%| E|CS|TAMS 0x0000000727600000, 0x0000000727600000| Complete 
| 304|0x0000000727800000, 0x0000000727a00000, 0x0000000727a00000|100%| E|CS|TAMS 0x0000000727800000, 0x0000000727800000| Complete 
| 305|0x0000000727a00000, 0x0000000727c00000, 0x0000000727c00000|100%| E|CS|TAMS 0x0000000727a00000, 0x0000000727a00000| Complete 
| 306|0x0000000727c00000, 0x0000000727e00000, 0x0000000727e00000|100%| E|CS|TAMS 0x0000000727c00000, 0x0000000727c00000| Complete 
| 307|0x0000000727e00000, 0x0000000728000000, 0x0000000728000000|100%| E|CS|TAMS 0x0000000727e00000, 0x0000000727e00000| Complete 

Card table byte_map: [0x000002d66de10000,0x000002d66e610000] _byte_map_base: 0x000002d66a604000

Marking Bits (Prev, Next): (CMBitMap*) 0x000002d655d238f0, (CMBitMap*) 0x000002d655d238b0
 Prev Bits: [0x000002d672db0000, 0x000002d676d50000)
 Next Bits: [0x000002d66ee10000, 0x000002d672db0000)

Polling page: 0x000002d64c440000

Metaspace:

Usage:
  Non-class:     88.70 MB used.
      Class:     14.33 MB used.
       Both:    103.03 MB used.

Virtual space:
  Non-class space:      128.00 MB reserved,      88.94 MB ( 69%) committed,  2 nodes.
      Class space:        1.00 GB reserved,      14.56 MB (  1%) committed,  1 nodes.
             Both:        1.12 GB reserved,     103.50 MB (  9%) committed. 

Chunk freelists:
   Non-Class:  6.66 MB
       Class:  1.54 MB
        Both:  8.20 MB

MaxMetaspaceSize: unlimited
CompressedClassSpaceSize: 1.00 GB
Initial GC threshold: 21.00 MB
Current GC threshold: 172.44 MB
CDS: on
MetaspaceReclaimPolicy: balanced
 - commit_granule_bytes: 65536.
 - commit_granule_words: 8192.
 - virtual_space_node_default_size: 8388608.
 - enlarge_chunks_in_place: 1.
 - new_chunks_are_fully_committed: 0.
 - uncommit_free_chunks: 1.
 - use_allocation_guard: 0.
 - handle_deallocations: 1.


Internal statistics:

num_allocs_failed_limit: 11.
num_arena_births: 1616.
num_arena_deaths: 1138.
num_vsnodes_births: 3.
num_vsnodes_deaths: 0.
num_space_committed: 1650.
num_space_uncommitted: 0.
num_chunks_returned_to_freelist: 1377.
num_chunks_taken_from_freelist: 4978.
num_chunk_merges: 532.
num_chunk_splits: 3354.
num_chunks_enlarged: 2533.
num_inconsistent_stats: 0.

CodeHeap 'non-profiled nmethods': size=119168Kb used=32496Kb max_used=32496Kb free=86671Kb
 bounds [0x000002d665c50000, 0x000002d667c10000, 0x000002d66d0b0000]
CodeHeap 'profiled nmethods': size=119104Kb used=44123Kb max_used=44208Kb free=74980Kb
 bounds [0x000002d65e0b0000, 0x000002d660c00000, 0x000002d665500000]
CodeHeap 'non-nmethods': size=7488Kb used=1793Kb max_used=3528Kb free=5695Kb
 bounds [0x000002d665500000, 0x000002d665880000, 0x000002d665c50000]
 total_blobs=23698 nmethods=22446 adapters=1158
 compilation: enabled
              stopped_count=0, restarted_count=0
 full_count=0

Compilation events (20 events):
Event: 149131.583 Thread 0x000002d64c3b2bf0 31090   !   3       sun.awt.im.InputContext::focusLost (102 bytes)
Event: 149131.583 Thread 0x000002d64c3b2bf0 nmethod 31090 0x000002d65fd18990 code [0x000002d65fd18be0, 0x000002d65fd19718]
Event: 149132.846 Thread 0x000002d64c3b2bf0 31091  s    3       java.lang.Throwable::getSuppressed (37 bytes)
Event: 149132.846 Thread 0x000002d64c3b2bf0 nmethod 31091 0x000002d65f00c510 code [0x000002d65f00c6e0, 0x000002d65f00cb48]
Event: 149135.059 Thread 0x000002d64c3b2bf0 31092       3       java.awt.Rectangle::inside (88 bytes)
Event: 149135.060 Thread 0x000002d64c3b2bf0 nmethod 31092 0x000002d65fd18390 code [0x000002d65fd18540, 0x000002d65fd18878]
Event: 149152.280 Thread 0x000002d64c3b3100 31093       4       sun.font.FontStrikeDesc::hashCode (36 bytes)
Event: 149152.282 Thread 0x000002d64c3b3100 nmethod 31093 0x000002d667c0b710 code [0x000002d667c0b880, 0x000002d667c0bb98]
Event: 149176.721 Thread 0x000002d64c3b3100 31094       4       javax.swing.plaf.basic.BasicSplitPaneDivider::getPreferredSize (34 bytes)
Event: 149176.722 Thread 0x000002d64c3b3100 nmethod 31094 0x000002d667c0bc90 code [0x000002d667c0be20, 0x000002d667c0bf18]
Event: 149203.731 Thread 0x000002d64c3b3100 31095       4       javax.swing.plaf.basic.BasicSplitPaneUI$BasicHorizontalLayoutManager::getAvailableSize (30 bytes)
Event: 149203.732 Thread 0x000002d64c3b3100 nmethod 31095 0x000002d667c0c010 code [0x000002d667c0c180, 0x000002d667c0c258]
Event: 149214.866 Thread 0x000002d64c3b2bf0 31096       3       java.io.File::canWrite (34 bytes)
Event: 149214.866 Thread 0x000002d64c3b2bf0 nmethod 31096 0x000002d65f00bd90 code [0x000002d65f00bf80, 0x000002d65f00c388]
Event: 149218.257 Thread 0x000002d64c3b2bf0 31097       3       com.sun.org.apache.xerces.internal.dom.DocumentImpl::getImplementation (4 bytes)
Event: 149218.257 Thread 0x000002d64c3b2bf0 nmethod 31097 0x000002d65f00b990 code [0x000002d65f00bb20, 0x000002d65f00bc98]
Event: 149218.257 Thread 0x000002d64c3b2bf0 31098       3       com.sun.org.apache.xerces.internal.dom.DOMImplementationImpl::getDOMImplementation (4 bytes)
Event: 149218.257 Thread 0x000002d64c3b2bf0 nmethod 31098 0x000002d65e82cd90 code [0x000002d65e82cf20, 0x000002d65e82d018]
Event: 149218.266 Thread 0x000002d64c3b2bf0 31099       3       java.io.Writer::write (11 bytes)
Event: 149218.266 Thread 0x000002d64c3b2bf0 nmethod 31099 0x000002d65f00b290 code [0x000002d65f00b440, 0x000002d65f00b728]

GC Heap History (20 events):
Event: 149072.058 GC heap before
{Heap before GC invocations=3658 (full 91):
 garbage-first heap   total 630784K, used 198780K [0x0000000701800000, 0x0000000800000000)
  region size 2048K, 40 young (81920K), 1 survivors (2048K)
 Metaspace       used 105472K, committed 105920K, reserved 1179648K
  class space    used 14671K, committed 14912K, reserved 1048576K
}
Event: 149072.060 GC heap after
{Heap after GC invocations=3659 (full 91):
 garbage-first heap   total 630784K, used 119745K [0x0000000701800000, 0x0000000800000000)
  region size 2048K, 1 young (2048K), 1 survivors (2048K)
 Metaspace       used 105472K, committed 105920K, reserved 1179648K
  class space    used 14671K, committed 14912K, reserved 1048576K
}
Event: 149074.034 GC heap before
{Heap before GC invocations=3659 (full 91):
 garbage-first heap   total 630784K, used 199617K [0x0000000701800000, 0x0000000800000000)
  region size 2048K, 40 young (81920K), 1 survivors (2048K)
 Metaspace       used 105472K, committed 105920K, reserved 1179648K
  class space    used 14671K, committed 14912K, reserved 1048576K
}
Event: 149074.036 GC heap after
{Heap after GC invocations=3660 (full 91):
 garbage-first heap   total 630784K, used 120080K [0x0000000701800000, 0x0000000800000000)
  region size 2048K, 1 young (2048K), 1 survivors (2048K)
 Metaspace       used 105472K, committed 105920K, reserved 1179648K
  class space    used 14671K, committed 14912K, reserved 1048576K
}
Event: 149076.081 GC heap before
{Heap before GC invocations=3660 (full 91):
 garbage-first heap   total 630784K, used 199952K [0x0000000701800000, 0x0000000800000000)
  region size 2048K, 40 young (81920K), 1 survivors (2048K)
 Metaspace       used 105479K, committed 105984K, reserved 1179648K
  class space    used 14671K, committed 14912K, reserved 1048576K
}
Event: 149076.083 GC heap after
{Heap after GC invocations=3661 (full 91):
 garbage-first heap   total 630784K, used 119366K [0x0000000701800000, 0x0000000800000000)
  region size 2048K, 1 young (2048K), 1 survivors (2048K)
 Metaspace       used 105479K, committed 105984K, reserved 1179648K
  class space    used 14671K, committed 14912K, reserved 1048576K
}
Event: 149087.546 GC heap before
{Heap before GC invocations=3661 (full 91):
 garbage-first heap   total 630784K, used 199238K [0x0000000701800000, 0x0000000800000000)
  region size 2048K, 40 young (81920K), 1 survivors (2048K)
 Metaspace       used 105482K, committed 105984K, reserved 1179648K
  class space    used 14671K, committed 14912K, reserved 1048576K
}
Event: 149087.551 GC heap after
{Heap after GC invocations=3662 (full 91):
 garbage-first heap   total 630784K, used 120116K [0x0000000701800000, 0x0000000800000000)
  region size 2048K, 1 young (2048K), 1 survivors (2048K)
 Metaspace       used 105482K, committed 105984K, reserved 1179648K
  class space    used 14671K, committed 14912K, reserved 1048576K
}
Event: 149131.148 GC heap before
{Heap before GC invocations=3662 (full 91):
 garbage-first heap   total 630784K, used 199988K [0x0000000701800000, 0x0000000800000000)
  region size 2048K, 40 young (81920K), 1 survivors (2048K)
 Metaspace       used 105495K, committed 105984K, reserved 1179648K
  class space    used 14671K, committed 14912K, reserved 1048576K
}
Event: 149131.150 GC heap after
{Heap after GC invocations=3663 (full 91):
 garbage-first heap   total 630784K, used 120734K [0x0000000701800000, 0x0000000800000000)
  region size 2048K, 2 young (4096K), 2 survivors (4096K)
 Metaspace       used 105495K, committed 105984K, reserved 1179648K
  class space    used 14671K, committed 14912K, reserved 1048576K
}
Event: 149136.222 GC heap before
{Heap before GC invocations=3663 (full 91):
 garbage-first heap   total 630784K, used 198558K [0x0000000701800000, 0x0000000800000000)
  region size 2048K, 40 young (81920K), 2 survivors (4096K)
 Metaspace       used 105497K, committed 105984K, reserved 1179648K
  class space    used 14671K, committed 14912K, reserved 1048576K
}
Event: 149136.228 GC heap after
{Heap after GC invocations=3664 (full 91):
 garbage-first heap   total 630784K, used 121007K [0x0000000701800000, 0x0000000800000000)
  region size 2048K, 2 young (4096K), 2 survivors (4096K)
 Metaspace       used 105497K, committed 105984K, reserved 1179648K
  class space    used 14671K, committed 14912K, reserved 1048576K
}
Event: 149159.102 GC heap before
{Heap before GC invocations=3664 (full 91):
 garbage-first heap   total 630784K, used 198831K [0x0000000701800000, 0x0000000800000000)
  region size 2048K, 40 young (81920K), 2 survivors (4096K)
 Metaspace       used 105497K, committed 105984K, reserved 1179648K
  class space    used 14671K, committed 14912K, reserved 1048576K
}
Event: 149159.109 GC heap after
{Heap after GC invocations=3665 (full 91):
 garbage-first heap   total 630784K, used 121039K [0x0000000701800000, 0x0000000800000000)
  region size 2048K, 2 young (4096K), 2 survivors (4096K)
 Metaspace       used 105497K, committed 105984K, reserved 1179648K
  class space    used 14671K, committed 14912K, reserved 1048576K
}
Event: 149189.126 GC heap before
{Heap before GC invocations=3665 (full 91):
 garbage-first heap   total 630784K, used 198863K [0x0000000701800000, 0x0000000800000000)
  region size 2048K, 40 young (81920K), 2 survivors (4096K)
 Metaspace       used 105497K, committed 105984K, reserved 1179648K
  class space    used 14671K, committed 14912K, reserved 1048576K
}
Event: 149189.132 GC heap after
{Heap after GC invocations=3666 (full 91):
 garbage-first heap   total 630784K, used 121089K [0x0000000701800000, 0x0000000800000000)
  region size 2048K, 2 young (4096K), 2 survivors (4096K)
 Metaspace       used 105497K, committed 105984K, reserved 1179648K
  class space    used 14671K, committed 14912K, reserved 1048576K
}
Event: 149215.718 GC heap before
{Heap before GC invocations=3666 (full 91):
 garbage-first heap   total 630784K, used 196865K [0x0000000701800000, 0x0000000800000000)
  region size 2048K, 40 young (81920K), 2 survivors (4096K)
 Metaspace       used 105497K, committed 105984K, reserved 1179648K
  class space    used 14671K, committed 14912K, reserved 1048576K
}
Event: 149215.722 GC heap after
{Heap after GC invocations=3667 (full 91):
 garbage-first heap   total 630784K, used 120588K [0x0000000701800000, 0x0000000800000000)
  region size 2048K, 2 young (4096K), 2 survivors (4096K)
 Metaspace       used 105497K, committed 105984K, reserved 1179648K
  class space    used 14671K, committed 14912K, reserved 1048576K
}
Event: 149217.773 GC heap before
{Heap before GC invocations=3667 (full 91):
 garbage-first heap   total 630784K, used 198412K [0x0000000701800000, 0x0000000800000000)
  region size 2048K, 40 young (81920K), 2 survivors (4096K)
 Metaspace       used 105497K, committed 105984K, reserved 1179648K
  class space    used 14671K, committed 14912K, reserved 1048576K
}
Event: 149217.779 GC heap after
{Heap after GC invocations=3668 (full 91):
 garbage-first heap   total 630784K, used 120249K [0x0000000701800000, 0x0000000800000000)
  region size 2048K, 1 young (2048K), 1 survivors (2048K)
 Metaspace       used 105497K, committed 105984K, reserved 1179648K
  class space    used 14671K, committed 14912K, reserved 1048576K
}

Dll operation events (20 events):
Event: 0.456 Loaded shared library C:\Xilinx\Vivado\2023.2\lib\win64.o\librdi_vivadotasks.dll
Event: 0.456 Loaded shared library C:\Xilinx\Vivado\2023.2\lib\win64.o\librdi_board.dll
Event: 0.457 Loaded shared library C:\Xilinx\Vivado\2023.2\lib\win64.o\librdi_boarddep.dll
Event: 0.457 Loaded shared library C:\Xilinx\Vivado\2023.2\lib\win64.o\librdi_boardcommontasks.dll
Event: 0.457 Loaded shared library C:\Xilinx\Vivado\2023.2\lib\win64.o\librdi_ptgen.dll
Event: 0.458 Loaded shared library C:\Xilinx\Vivado\2023.2\lib\win64.o\librdi_ip.dll
Event: 0.458 Loaded shared library C:\Xilinx\Vivado\2023.2\lib\win64.o\librdi_mig.dll
Event: 0.459 Loaded shared library C:\Xilinx\Vivado\2023.2\lib\win64.o\librdi_implflow.dll
Event: 0.459 Loaded shared library C:\Xilinx\Vivado\2023.2\lib\win64.o\librdi_xhubtasks.dll
Event: 0.461 Loaded shared library C:\Xilinx\Vivado\2023.2\lib\win64.o\librdi_iptasks.dll
Event: 0.462 Loaded shared library C:\Xilinx\Vivado\2023.2\lib\win64.o\librdi_synth.dll
Event: 1.037 Loaded shared library C:\Xilinx\Vivado\2023.2\tps\win64\jre17.0.7_7\bin\verify.dll
Event: 1.214 Loaded shared library C:\Xilinx\Vivado\2023.2\tps\win64\jre17.0.7_7\bin\javajpeg.dll
Event: 1.219 Loaded shared library C:\Xilinx\Vivado\2023.2\tps\win64\jre17.0.7_7\bin\lcms.dll
Event: 1.516 Loaded shared library C:\Xilinx\Vivado\2023.2\tps\win64\jre17.0.7_7\bin\freetype.dll
Event: 1.517 Loaded shared library C:\Xilinx\Vivado\2023.2\tps\win64\jre17.0.7_7\bin\fontmanager.dll
Event: 4.144 Loaded shared library C:\Xilinx\Vivado\2023.2\lib\win64.o\librdi_xhub.dll
Event: 9.359 Loaded shared library C:\Xilinx\Vivado\2023.2\tps\win64\jre17.0.7_7\bin\management.dll
Event: 9.361 Loaded shared library C:\Xilinx\Vivado\2023.2\tps\win64\jre17.0.7_7\bin\management_ext.dll
Event: 5686.812 Loaded shared library C:\Xilinx\Vivado\2023.2\lib\win64.o\nlview.dll

Deoptimization events (20 events):
Event: 147974.794 Thread 0x000002d600c20000 DEOPT PACKING pc=0x000002d666de5aa8 sp=0x000000ef042fe860
Event: 147974.794 Thread 0x000002d600c20000 DEOPT UNPACKING pc=0x000002d6655569a3 sp=0x000000ef042fe848 mode 2
Event: 147974.794 Thread 0x000002d600c20000 Uncommon trap: trap_request=0xffffff45 fr.pc=0x000002d667b74ae4 relative=0x0000000000000144
Event: 147974.794 Thread 0x000002d600c20000 Uncommon trap: reason=unstable_if action=reinterpret pc=0x000002d667b74ae4 method=java.awt.Rectangle.grow(II)V @ 70 c2
Event: 147974.794 Thread 0x000002d600c20000 DEOPT PACKING pc=0x000002d667b74ae4 sp=0x000000ef042fe890
Event: 147974.794 Thread 0x000002d600c20000 DEOPT UNPACKING pc=0x000002d6655569a3 sp=0x000000ef042fe810 mode 2
Event: 147974.794 Thread 0x000002d600c20000 Uncommon trap: trap_request=0xffffff45 fr.pc=0x000002d666241d28 relative=0x00000000000000a8
Event: 147974.794 Thread 0x000002d600c20000 Uncommon trap: reason=unstable_if action=reinterpret pc=0x000002d666241d28 method=java.awt.Rectangle.inside(II)Z @ 15 c2
Event: 147974.794 Thread 0x000002d600c20000 DEOPT PACKING pc=0x000002d666241d28 sp=0x000000ef042fe8b0
Event: 147974.794 Thread 0x000002d600c20000 DEOPT UNPACKING pc=0x000002d6655569a3 sp=0x000000ef042fe760 mode 2
Event: 148111.922 Thread 0x000002d609994420 DEOPT PACKING pc=0x000002d660b493d8 sp=0x000000ef0e0ff0d0
Event: 148111.922 Thread 0x000002d609994420 DEOPT UNPACKING pc=0x000002d665557143 sp=0x000000ef0e0fe640 mode 0
Event: 148274.608 Thread 0x000002d600c20000 Uncommon trap: trap_request=0xffffff45 fr.pc=0x000002d665e1b6a8 relative=0x00000000000000a8
Event: 148274.608 Thread 0x000002d600c20000 Uncommon trap: reason=unstable_if action=reinterpret pc=0x000002d665e1b6a8 method=java.awt.Rectangle.inside(II)Z @ 15 c2
Event: 148274.608 Thread 0x000002d600c20000 DEOPT PACKING pc=0x000002d665e1b6a8 sp=0x000000ef042fe840
Event: 148274.608 Thread 0x000002d600c20000 DEOPT UNPACKING pc=0x000002d6655569a3 sp=0x000000ef042fe7b8 mode 2
Event: 149069.840 Thread 0x000002d600c20000 DEOPT PACKING pc=0x000002d65fbb13c0 sp=0x000000ef042fee00
Event: 149069.840 Thread 0x000002d600c20000 DEOPT UNPACKING pc=0x000002d665557143 sp=0x000000ef042fe300 mode 0
Event: 149070.858 Thread 0x000002d600c20000 DEOPT PACKING pc=0x000002d65fbb13c0 sp=0x000000ef042fee00
Event: 149070.858 Thread 0x000002d600c20000 DEOPT UNPACKING pc=0x000002d665557143 sp=0x000000ef042fe300 mode 0

Classes unloaded (20 events):
Event: 45485.806 Thread 0x000002d654232d80 Unloading class 0x0000000801c34800 'jdk/internal/reflect/GeneratedConstructorAccessor24'
Event: 45485.806 Thread 0x000002d654232d80 Unloading class 0x0000000801d69000 'jdk/internal/reflect/GeneratedConstructorAccessor23'
Event: 86893.971 Thread 0x000002d654232d80 Unloading class 0x0000000801e78400 'jdk/internal/reflect/GeneratedMethodAccessor42'
Event: 86893.971 Thread 0x000002d654232d80 Unloading class 0x0000000801e7b000 'jdk/internal/reflect/GeneratedMethodAccessor41'
Event: 86893.971 Thread 0x000002d654232d80 Unloading class 0x0000000801e7ec00 'jdk/internal/reflect/GeneratedMethodAccessor40'
Event: 86893.971 Thread 0x000002d654232d80 Unloading class 0x0000000801e7f800 'jdk/internal/reflect/GeneratedMethodAccessor39'
Event: 86893.971 Thread 0x000002d654232d80 Unloading class 0x0000000801d69000 'jdk/internal/reflect/GeneratedConstructorAccessor26'
Event: 86893.971 Thread 0x000002d654232d80 Unloading class 0x0000000801c34800 'jdk/internal/reflect/GeneratedConstructorAccessor25'
Event: 108511.997 Thread 0x000002d654232d80 Unloading class 0x0000000801e72400 'java/lang/invoke/LambdaForm$MH+0x0000000801e72400'
Event: 108511.997 Thread 0x000002d654232d80 Unloading class 0x0000000801e74800 'java/lang/invoke/LambdaForm$MH+0x0000000801e74800'
Event: 108511.997 Thread 0x000002d654232d80 Unloading class 0x0000000801c34800 'java/lang/invoke/LambdaForm$MH+0x0000000801c34800'
Event: 108511.997 Thread 0x000002d654232d80 Unloading class 0x0000000801d69000 'java/lang/invoke/LambdaForm$MH+0x0000000801d69000'
Event: 108511.997 Thread 0x000002d654232d80 Unloading class 0x0000000801e7f800 'java/lang/invoke/LambdaForm$MH+0x0000000801e7f800'
Event: 108511.997 Thread 0x000002d654232d80 Unloading class 0x0000000801e7ec00 'java/lang/invoke/LambdaForm$MH+0x0000000801e7ec00'
Event: 108511.997 Thread 0x000002d654232d80 Unloading class 0x0000000801e7b000 'java/lang/invoke/LambdaForm$MH+0x0000000801e7b000'
Event: 108511.997 Thread 0x000002d654232d80 Unloading class 0x0000000801e78400 'java/lang/invoke/LambdaForm$MH+0x0000000801e78400'
Event: 121119.147 Thread 0x000002d654232d80 Unloading class 0x0000000801e74800 'jdk/internal/reflect/GeneratedConstructorAccessor28'
Event: 121119.147 Thread 0x000002d654232d80 Unloading class 0x0000000801e72400 'jdk/internal/reflect/GeneratedConstructorAccessor27'
Event: 128320.634 Thread 0x000002d654232d80 Unloading class 0x0000000801e72400 'jdk/internal/reflect/GeneratedConstructorAccessor30'
Event: 128320.634 Thread 0x000002d654232d80 Unloading class 0x0000000801e74800 'jdk/internal/reflect/GeneratedConstructorAccessor29'

Classes redefined (0 events):
No events

Internal exceptions (20 events):
Event: 94972.760 Thread 0x000002d681ed1f70 Exception <a 'java/lang/InterruptedException'{0x0000000720c0ea70}: sleep interrupted> (0x0000000720c0ea70) 
thrown [s\src\hotspot\share\prims\jvm.cpp, line 3044]
Event: 95192.070 Thread 0x000002d681ed1f70 Exception <a 'java/lang/InterruptedException'{0x000000071df269b8}: sleep interrupted> (0x000000071df269b8) 
thrown [s\src\hotspot\share\prims\jvm.cpp, line 3044]
Event: 96054.785 Thread 0x000002d681ed1f70 Exception <a 'java/lang/InterruptedException'{0x000000071e21d7a0}: sleep interrupted> (0x000000071e21d7a0) 
thrown [s\src\hotspot\share\prims\jvm.cpp, line 3044]
Event: 103921.095 Thread 0x000002d61e655780 Exception <a 'java/lang/NoSuchMethodError'{0x000000071e760cb8}: 'java.lang.Object java.lang.invoke.DirectMethodHandle$Holder.invokeSpecial(java.lang.Object, java.lang.Object, java.lang.Object, long, long)'> (0x000000071e760cb8) 
thrown [s\src\hotspot\share\interpreter\linkResolver.cpp, line 759]
Event: 116197.585 Thread 0x000002d681eca720 Exception <a 'java/lang/InterruptedException'{0x000000071cd625a0}: sleep interrupted> (0x000000071cd625a0) 
thrown [s\src\hotspot\share\prims\jvm.cpp, line 3044]
Event: 116389.692 Thread 0x000002d681eca720 Exception <a 'java/lang/InterruptedException'{0x0000000721438448}: sleep interrupted> (0x0000000721438448) 
thrown [s\src\hotspot\share\prims\jvm.cpp, line 3044]
Event: 117238.975 Thread 0x000002d681eca720 Exception <a 'java/lang/InterruptedException'{0x0000000720a0a460}: sleep interrupted> (0x0000000720a0a460) 
thrown [s\src\hotspot\share\prims\jvm.cpp, line 3044]
Event: 122664.815 Thread 0x000002d681ed92f0 Exception <a 'java/lang/InterruptedException'{0x0000000724103d98}: sleep interrupted> (0x0000000724103d98) 
thrown [s\src\hotspot\share\prims\jvm.cpp, line 3044]
Event: 122859.904 Thread 0x000002d681ed2de0 Exception <a 'java/lang/InterruptedException'{0x0000000727a05270}: sleep interrupted> (0x0000000727a05270) 
thrown [s\src\hotspot\share\prims\jvm.cpp, line 3044]
Event: 123709.174 Thread 0x000002d681ed2de0 Exception <a 'java/lang/InterruptedException'{0x0000000720624588}: sleep interrupted> (0x0000000720624588) 
thrown [s\src\hotspot\share\prims\jvm.cpp, line 3044]
Event: 136142.229 Thread 0x000002d600c20000 Exception <a 'sun/nio/fs/WindowsException'{0x000000071d03bd98}> (0x000000071d03bd98) 
thrown [s\src\hotspot\share\prims\jni.cpp, line 516]
Event: 136142.230 Thread 0x000002d600c20000 Exception <a 'sun/nio/fs/WindowsException'{0x000000071d03c0f8}> (0x000000071d03c0f8) 
thrown [s\src\hotspot\share\prims\jni.cpp, line 516]
Event: 136143.758 Thread 0x000002d600c20000 Exception <a 'sun/nio/fs/WindowsException'{0x000000071cd1a2b0}> (0x000000071cd1a2b0) 
thrown [s\src\hotspot\share\prims\jni.cpp, line 516]
Event: 136143.758 Thread 0x000002d600c20000 Exception <a 'sun/nio/fs/WindowsException'{0x000000071cd1a610}> (0x000000071cd1a610) 
thrown [s\src\hotspot\share\prims\jni.cpp, line 516]
Event: 147605.011 Thread 0x000002d600c20000 Exception <a 'sun/nio/fs/WindowsException'{0x000000071e8fea38}> (0x000000071e8fea38) 
thrown [s\src\hotspot\share\prims\jni.cpp, line 516]
Event: 147605.011 Thread 0x000002d600c20000 Exception <a 'sun/nio/fs/WindowsException'{0x000000071e8fed98}> (0x000000071e8fed98) 
thrown [s\src\hotspot\share\prims\jni.cpp, line 516]
Event: 147606.425 Thread 0x000002d600c20000 Exception <a 'sun/nio/fs/WindowsException'{0x000000071e1a25c0}> (0x000000071e1a25c0) 
thrown [s\src\hotspot\share\prims\jni.cpp, line 516]
Event: 147606.425 Thread 0x000002d600c20000 Exception <a 'sun/nio/fs/WindowsException'{0x000000071e1a2920}> (0x000000071e1a2920) 
thrown [s\src\hotspot\share\prims\jni.cpp, line 516]
Event: 147786.859 Thread 0x000002d600c20000 Implicit null exception at 0x000002d667453d8f to 0x000002d667453f28
Event: 147786.862 Thread 0x000002d600c20000 Implicit null exception at 0x000002d6662d3318 to 0x000002d6662d7088

VM Operations (20 events):
Event: 149110.663 Executing VM operation: Cleanup
Event: 149110.663 Executing VM operation: Cleanup done
Event: 149131.148 Executing VM operation: G1CollectForAllocation
Event: 149131.150 Executing VM operation: G1CollectForAllocation done
Event: 149136.222 Executing VM operation: G1CollectForAllocation
Event: 149136.228 Executing VM operation: G1CollectForAllocation done
Event: 149151.284 Executing VM operation: Cleanup
Event: 149151.285 Executing VM operation: Cleanup done
Event: 149159.102 Executing VM operation: G1CollectForAllocation
Event: 149159.109 Executing VM operation: G1CollectForAllocation done
Event: 149180.116 Executing VM operation: Cleanup
Event: 149180.116 Executing VM operation: Cleanup done
Event: 149189.126 Executing VM operation: G1CollectForAllocation
Event: 149189.132 Executing VM operation: G1CollectForAllocation done
Event: 149215.145 Executing VM operation: Cleanup
Event: 149215.145 Executing VM operation: Cleanup done
Event: 149215.718 Executing VM operation: G1CollectForAllocation
Event: 149215.722 Executing VM operation: G1CollectForAllocation done
Event: 149217.773 Executing VM operation: G1CollectForAllocation
Event: 149217.779 Executing VM operation: G1CollectForAllocation done

Events (20 events):
Event: 149215.885 Thread 0x000002d6c921a320 Thread exited: 0x000002d6c921a320
Event: 149215.886 Thread 0x000002d6c921acc0 Thread exited: 0x000002d6c921acc0
Event: 149216.237 Thread 0x000002d6c92177d0 Thread added: 0x000002d6c92177d0
Event: 149216.256 Thread 0x000002d6c92177d0 Thread exited: 0x000002d6c92177d0
Event: 149216.383 Thread 0x000002d6c9215620 Thread added: 0x000002d6c9215620
Event: 149216.387 Thread 0x000002d6c9215620 Thread exited: 0x000002d6c9215620
Event: 149216.391 Thread 0x000002d6c9219980 Thread added: 0x000002d6c9219980
Event: 149216.394 Thread 0x000002d6c9219980 Thread exited: 0x000002d6c9219980
Event: 149217.385 Thread 0x000002d6c921acc0 Thread added: 0x000002d6c921acc0
Event: 149217.391 Thread 0x000002d6c921acc0 Thread exited: 0x000002d6c921acc0
Event: 149218.234 Thread 0x000002d6c9218fe0 Thread added: 0x000002d6c9218fe0
Event: 149218.254 Thread 0x000002d6c9218fe0 Thread exited: 0x000002d6c9218fe0
Event: 149219.230 Thread 0x000002d6c9213470 Thread added: 0x000002d6c9213470
Event: 149219.233 Thread 0x000002d6c9213470 Thread exited: 0x000002d6c9213470
Event: 149220.230 Thread 0x000002d6c9213e10 Thread added: 0x000002d6c9213e10
Event: 149220.236 Thread 0x000002d6c9213e10 Thread exited: 0x000002d6c9213e10
Event: 149220.943 Thread 0x000002d6c9218fe0 Thread added: 0x000002d6c9218fe0
Event: 149220.945 Thread 0x000002d6c92194b0 Thread added: 0x000002d6c92194b0
Event: 149220.946 Thread 0x000002d6c9215af0 Thread added: 0x000002d6c9215af0
Event: 149220.957 Thread 0x000002d6c92194b0 Thread exited: 0x000002d6c92194b0


Dynamic libraries:
0x00007ff6203f0000 - 0x00007ff620421000 	C:\Xilinx\Vivado\2023.2\bin\unwrapped\win64.o\vivado.exe
0x00007ff9a6ef0000 - 0x00007ff9a7107000 	C:\windows\SYSTEM32\ntdll.dll
0x00007ff9a6490000 - 0x00007ff9a6554000 	C:\windows\System32\KERNEL32.DLL
0x00007ff9a45a0000 - 0x00007ff9a494d000 	C:\windows\System32\KERNELBASE.dll
0x00007ff9a4a40000 - 0x00007ff9a4b51000 	C:\windows\System32\ucrtbase.dll
0x00007ff8c9ea0000 - 0x00007ff8cb54a000 	C:\Xilinx\Vivado\2023.2\lib\win64.o\librdi_common.dll
0x00007ff994d00000 - 0x00007ff994d1c000 	C:\Xilinx\Vivado\2023.2\lib\win64.o\librdi_commonmain.dll
0x00007ff96f900000 - 0x00007ff96f989000 	C:\windows\SYSTEM32\MSVCP140.dll
0x00007ff997200000 - 0x00007ff99721e000 	C:\windows\SYSTEM32\VCRUNTIME140.dll
0x00007ff9a4d00000 - 0x00007ff9a4eae000 	C:\windows\System32\USER32.dll
0x00007ff9a4a10000 - 0x00007ff9a4a36000 	C:\windows\System32\win32u.dll
0x00007ff9a5190000 - 0x00007ff9a51b9000 	C:\windows\System32\GDI32.dll
0x00007ff97a9e0000 - 0x00007ff97a9f1000 	C:\Xilinx\Vivado\2023.2\lib\win64.o\libboost_date_time.dll
0x00007ff96fd60000 - 0x00007ff970190000 	C:\Xilinx\Vivado\2023.2\lib\win64.o\python38.dll
0x00007ff9a4220000 - 0x00007ff9a4339000 	C:\windows\System32\gdi32full.dll
0x00007ff94a8e0000 - 0x00007ff94ac4e000 	C:\Xilinx\Vivado\2023.2\lib\win64.o\libCOIN-all.dll
0x00007ff9a4b60000 - 0x00007ff9a4bfa000 	C:\windows\System32\msvcp_win.dll
0x00007ff97b5c0000 - 0x00007ff97b5e1000 	C:\Xilinx\Vivado\2023.2\lib\win64.o\libboost_filesystem.dll
0x00007ff9a4c40000 - 0x00007ff9a4cf2000 	C:\windows\System32\ADVAPI32.dll
0x00007ff9a6370000 - 0x00007ff9a63ce000 	C:\windows\System32\SHLWAPI.dll
0x00007ff97a960000 - 0x00007ff97a9d9000 	C:\Xilinx\Vivado\2023.2\lib\win64.o\libboost_program_options.dll
0x00007ff9a6660000 - 0x00007ff9a6707000 	C:\windows\System32\msvcrt.dll
0x00007ff9a63e0000 - 0x00007ff9a6489000 	C:\windows\System32\sechost.dll
0x00007ff9a5090000 - 0x00007ff9a5101000 	C:\windows\System32\WS2_32.dll
0x00007ff9a4c00000 - 0x00007ff9a4c28000 	C:\windows\System32\bcrypt.dll
0x00007ff96fc40000 - 0x00007ff96fd54000 	C:\Xilinx\Vivado\2023.2\lib\win64.o\libboost_regex.dll
0x00007ff977b20000 - 0x00007ff977b3c000 	C:\Xilinx\Vivado\2023.2\lib\win64.o\libboost_thread.dll
0x00007ff9a6b90000 - 0x00007ff9a6ca4000 	C:\windows\System32\RPCRT4.dll
0x00007ff9a54a0000 - 0x00007ff9a5cff000 	C:\windows\System32\SHELL32.dll
0x00007ff995610000 - 0x00007ff99561c000 	C:\Xilinx\Vivado\2023.2\lib\win64.o\libboost_xilinx.dll
0x00007ff9a44b0000 - 0x00007ff9a451b000 	C:\windows\System32\WINTRUST.dll
0x00007ff96fbb0000 - 0x00007ff96fc32000 	C:\Xilinx\Vivado\2023.2\lib\win64.o\libhdlpsolve.dll
0x00007ff96fb00000 - 0x00007ff96fba5000 	C:\Xilinx\Vivado\2023.2\lib\win64.o\libhdxml.dll
0x00007ff8c4d80000 - 0x00007ff8c5da4600 	C:\Xilinx\Vivado\2023.2\lib\win64.o\libisl_iostreams.dll
0x00007ff975440000 - 0x00007ff97546a000 	C:\Xilinx\Vivado\2023.2\lib\win64.o\libisl_sysinfo.dll
0x00007ff977a20000 - 0x00007ff977a3a000 	C:\Xilinx\Vivado\2023.2\lib\win64.o\pthreadVC2.dll
0x00007ff970b30000 - 0x00007ff970b95000 	C:\Xilinx\Vivado\2023.2\lib\win64.o\liblmx6.0.dll
0x00007ff971500000 - 0x00007ff9716b6000 	C:\Xilinx\Vivado\2023.2\lib\win64.o\librdi_commonxillic.dll
0x00007ff9779d0000 - 0x00007ff9779ec000 	C:\Xilinx\Vivado\2023.2\lib\win64.o\librdiconfig.dll
0x00007ff974600000 - 0x00007ff974621000 	C:\Xilinx\Vivado\2023.2\lib\win64.o\librdizlib.dll
0x000000006f420000 - 0x000000006f54c000 	C:\Xilinx\Vivado\2023.2\lib\win64.o\tcl85t.dll
0x00007ff949a70000 - 0x00007ff949d31000 	C:\Xilinx\Vivado\2023.2\lib\win64.o\xerces-c_3_2.dll
0x00007ff9957e0000 - 0x00007ff9957e9000 	C:\Xilinx\Vivado\2023.2\lib\win64.o\librdi_commonversion.dll
0x00007ff9941c0000 - 0x00007ff9941cc000 	C:\windows\SYSTEM32\VCRUNTIME140_1.dll
0x00007ff994cb0000 - 0x00007ff994cba000 	C:\windows\SYSTEM32\VERSION.dll
0x00007ff99a770000 - 0x00007ff99a789000 	C:\windows\SYSTEM32\NETAPI32.dll
0x00007ff9a28e0000 - 0x00007ff9a2a16000 	C:\windows\SYSTEM32\WINHTTP.dll
0x00007ff98a350000 - 0x00007ff98a844000 	C:\windows\SYSTEM32\WININET.dll
0x00007ff977010000 - 0x00007ff977200000 	C:\windows\SYSTEM32\urlmon.dll
0x00007ff9731d0000 - 0x00007ff973200000 	C:\windows\SYSTEM32\VCOMP140.DLL
0x00007ff969a50000 - 0x00007ff969a59000 	C:\windows\SYSTEM32\WSOCK32.dll
0x00007ff8c1590000 - 0x00007ff8c34a7000 	C:\Xilinx\Vivado\2023.2\lib\win64.o\gurobi90.dll
0x00007ff9a4340000 - 0x00007ff9a44a7000 	C:\windows\System32\CRYPT32.dll
0x00007ff977870000 - 0x00007ff977888000 	C:\Xilinx\Vivado\2023.2\lib\win64.o\libboost_iostreams.dll
0x00007ff9731a0000 - 0x00007ff9731c4000 	C:\Xilinx\Vivado\2023.2\lib\win64.o\libisl_iosutils.dll
0x00007ff9a5110000 - 0x00007ff9a5170000 	C:\windows\System32\WLDAP32.dll
0x00007ff9a4c30000 - 0x00007ff9a4c38000 	C:\windows\System32\Normaliz.dll
0x00007ff949350000 - 0x00007ff94967d000 	C:\Xilinx\Vivado\2023.2\lib\win64.o\libXil_lmgr11.dll
0x00007ff9a6560000 - 0x00007ff9a6658000 	C:\windows\System32\COMDLG32.dll
0x00007ff9a2430000 - 0x00007ff9a2458000 	C:\windows\SYSTEM32\srvcli.dll
0x00007ff99c590000 - 0x00007ff99c84e000 	C:\windows\SYSTEM32\iertutil.dll
0x00007ff9a2420000 - 0x00007ff9a242c000 	C:\windows\SYSTEM32\netutils.dll
0x00007ff9a5dc0000 - 0x00007ff9a6148000 	C:\windows\System32\combase.dll
0x00007ff9a6cd0000 - 0x00007ff9a6dc4000 	C:\windows\System32\shcore.dll
0x00007ff9a53c0000 - 0x00007ff9a5497000 	C:\windows\System32\OLEAUT32.dll
0x00007ff9a2e30000 - 0x00007ff9a2e99000 	C:\windows\SYSTEM32\MSWSOCK.DLL
0x00007ff9a5210000 - 0x00007ff9a53b5000 	C:\windows\System32\ole32.dll
0x00007ff971bc0000 - 0x00007ff971c73000 	C:\windows\WinSxS\amd64_microsoft.windows.common-controls_6595b64144ccf1df_5.82.22621.3527_none_b43b7f4b638cc64f\COMCTL32.dll
0x00007ff99c4e0000 - 0x00007ff99c4ff000 	C:\windows\SYSTEM32\dhcpcsvc.DLL
0x00007ff9a2ea0000 - 0x00007ff9a2ec8000 	C:\windows\SYSTEM32\USERENV.dll
0x00007ff9a6e70000 - 0x00007ff9a6ea1000 	C:\windows\System32\IMM32.DLL
0x00007ff9a31a0000 - 0x00007ff9a31b2000 	C:\windows\SYSTEM32\MSASN1.dll
0x000002d64c2c0000 - 0x000002d64c2d6000 	C:\windows\System32\umppc20709.dll
0x00007ff9a28c0000 - 0x00007ff9a28d8000 	C:\windows\SYSTEM32\kernel.appcore.dll
0x00007ff9a3eb0000 - 0x00007ff9a3ecb000 	C:\windows\SYSTEM32\CRYPTSP.dll
0x00007ff9a3150000 - 0x00007ff9a3185000 	C:\windows\system32\rsaenh.dll
0x00007ff9a3140000 - 0x00007ff9a314c000 	C:\windows\SYSTEM32\CRYPTBASE.dll
0x00007ff9a4520000 - 0x00007ff9a459b000 	C:\windows\System32\bcryptPrimitives.dll
0x00007ff92c410000 - 0x00007ff92c95d000 	C:\Xilinx\Vivado\2023.2\lib\win64.o\librdi_commontasks.dll
0x00007ff8c4130000 - 0x00007ff8c4d78000 	C:\Xilinx\Vivado\2023.2\tps\win64\jre17.0.7_7\bin\server\jvm.dll
0x00007ff949020000 - 0x00007ff94934b800 	C:\Xilinx\Vivado\2023.2\lib\win64.o\librdi_sio.dll
0x00007ff99a060000 - 0x00007ff99a094000 	C:\windows\SYSTEM32\WINMM.dll
0x00007ff9a2110000 - 0x00007ff9a213d000 	C:\windows\SYSTEM32\IPHLPAPI.DLL
0x00007ff9a5170000 - 0x00007ff9a518f000 	C:\windows\System32\imagehlp.dll
0x00007ff9a2c30000 - 0x00007ff9a2c73000 	C:\windows\SYSTEM32\SspiCli.dll
0x00007ff9a30f0000 - 0x00007ff9a3116000 	C:\windows\SYSTEM32\gpapi.dll
0x00007ff9979b0000 - 0x00007ff9979e2000 	C:\Windows\System32\cryptnet.dll
0x00007ff9a4150000 - 0x00007ff9a4171000 	C:\windows\SYSTEM32\profapi.dll
0x00007ff972e80000 - 0x00007ff972e97000 	C:\windows\system32\napinsp.dll
0x00007ff972e60000 - 0x00007ff972e7b000 	C:\windows\system32\pnrpnsp.dll
0x00007ff9a0580000 - 0x00007ff9a058d000 	C:\windows\SYSTEM32\WINNSI.DLL
0x00007ff9a2140000 - 0x00007ff9a2238000 	C:\windows\SYSTEM32\DNSAPI.dll
0x00007ff9a5d00000 - 0x00007ff9a5d09000 	C:\windows\System32\NSI.dll
0x00007ff972ea0000 - 0x00007ff972eb1000 	C:\windows\System32\winrnr.dll
0x00007ff972e40000 - 0x00007ff972e55000 	C:\windows\system32\wshbth.dll
0x00007ff972ec0000 - 0x00007ff972ee7000 	C:\windows\system32\nlansp_c.dll
0x000000006f870000 - 0x000000006f87a000 	C:\Program Files\National Instruments\Shared\mDNS Responder\nimdnsNSP.dll
0x000000006f860000 - 0x000000006f870000 	C:\windows\SYSTEM32\nimdnsResponder.dll
0x00007ff9a1590000 - 0x00007ff9a1e8c000 	C:\windows\SYSTEM32\windows.storage.dll
0x00007ff9a1450000 - 0x00007ff9a158f000 	C:\windows\SYSTEM32\wintypes.dll
0x00007ff88ebf0000 - 0x00007ff8919b6000 	C:\Xilinx\Vivado\2023.2\lib\win64.o\librdi_tcltasks.dll
0x00007ff92bf20000 - 0x00007ff92c401000 	C:\Xilinx\Vivado\2023.2\lib\win64.o\librdi_bitstream.dll
0x00007ff950d40000 - 0x00007ff950f40000 	C:\Xilinx\Vivado\2023.2\lib\win64.o\librdi_board.dll
0x00007ff96fa70000 - 0x00007ff96faf3000 	C:\Xilinx\Vivado\2023.2\lib\win64.o\librdi_boarddep.dll
0x00007ff951200000 - 0x00007ff95132a000 	C:\Xilinx\Vivado\2023.2\lib\win64.o\librdi_chipscope.dll
0x00007ff8e7ec0000 - 0x00007ff8e80c7000 	C:\Xilinx\Vivado\2023.2\lib\win64.o\librdi_chipscopeimpl.dll
0x00007ff8baaf0000 - 0x00007ff8bd1e5000 	C:\Xilinx\Vivado\2023.2\lib\win64.o\librdi_constraints.dll
0x00007ff9669a0000 - 0x00007ff966b0e000 	C:\Xilinx\Vivado\2023.2\lib\win64.o\librdi_containers.dll
0x00007ff8b83b0000 - 0x00007ff8baae6000 	C:\Xilinx\Vivado\2023.2\lib\win64.o\librdi_coregen.dll
0x00007ff8b65a0000 - 0x00007ff8b83a7000 	C:\Xilinx\Vivado\2023.2\lib\win64.o\librdi_designutils.dll
0x00007ff8bff80000 - 0x00007ff8c1583000 	C:\Xilinx\Vivado\2023.2\lib\win64.o\librdi_device.dll
0x00007ff8cd530000 - 0x00007ff8cd8cf000 	C:\Xilinx\Vivado\2023.2\lib\win64.o\librdi_dlyest.dll
0x00007ff8cd8d0000 - 0x00007ff8ce006000 	C:\Xilinx\Vivado\2023.2\lib\win64.o\librdi_drc.dll
0x00007ff8c6df0000 - 0x00007ff8c6ea4000 	C:\Xilinx\Vivado\2023.2\lib\win64.o\librdi_dsp.dll
0x00007ff8c6eb0000 - 0x00007ff8c766f000 	C:\Xilinx\Vivado\2023.2\lib\win64.o\librdi_filemgmt.dll
0x00007ff96d630000 - 0x00007ff96d69b000 	C:\Xilinx\Vivado\2023.2\lib\win64.o\librdi_hdf.dll
0x00007ff93eee0000 - 0x00007ff93f1c4000 	C:\Xilinx\Vivado\2023.2\lib\win64.o\librdi_hip_devdesign.dll
0x00007ff893d50000 - 0x00007ff893e98000 	C:\Xilinx\Vivado\2023.2\lib\win64.o\librdi_hip_perf_analysis.dll
0x00007ff8b5450000 - 0x00007ff8b6593000 	C:\Xilinx\Vivado\2023.2\lib\win64.o\librdi_implflow.dll
0x00007ff8a4130000 - 0x00007ff8a4fe0000 	C:\Xilinx\Vivado\2023.2\lib\win64.o\librdi_ippcw.dll
0x00007ff8b3ff0000 - 0x00007ff8b488a000 	C:\Xilinx\Vivado\2023.2\lib\win64.o\librdi_lopt.dll
0x00007ff8b3990000 - 0x00007ff8b3fe6000 	C:\Xilinx\Vivado\2023.2\lib\win64.o\librdi_memdata.dll
0x00007ff965f80000 - 0x00007ff965ffd000 	C:\Xilinx\Vivado\2023.2\lib\win64.o\librdi_memoryarray.dll
0x00007ff8b0f40000 - 0x00007ff8b3981000 	C:\Xilinx\Vivado\2023.2\lib\win64.o\librdi_mig.dll
0x00007ff8b0730000 - 0x00007ff8b0f34000 	C:\Xilinx\Vivado\2023.2\lib\win64.o\librdi_netlist.dll
0x00007ff96c2e0000 - 0x00007ff96c352000 	C:\Xilinx\Vivado\2023.2\lib\win64.o\librdi_noc_frameworks.dll
0x00007ff96f8a0000 - 0x00007ff96f8fc000 	C:\Xilinx\Vivado\2023.2\lib\win64.o\librdi_pfi.dll
0x00007ff8acb30000 - 0x00007ff8af9ec000 	C:\Xilinx\Vivado\2023.2\lib\win64.o\librdi_place.dll

dbghelp: loaded successfully - version: 4.0.5 - missing functions: none
symbol engine: initialized successfully - sym options: 0x614 - pdb path: .;C:\Xilinx\Vivado\2023.2\bin\unwrapped\win64.o;C:\windows\SYSTEM32;C:\Xilinx\Vivado\2023.2\lib\win64.o;C:\windows\WinSxS\amd64_microsoft.windows.common-controls_6595b64144ccf1df_5.82.22621.3527_none_b43b7f4b638cc64f;C:\Xilinx\Vivado\2023.2\tps\win64\jre17.0.7_7\bin\server;C:\Program Files\National Instruments\Shared\mDNS Responder;C:\Xilinx\Vivado\2023.2\tps\win64\jre17.0.7_7\bin;C:\windows\WinSxS\amd64_microsoft.windows.common-controls_6595b64144ccf1df_6.0.22621.3672_none_2713b9d173822955;C:\windows\WinSxS\amd64_microsoft.windows.gdiplus_6595b64144ccf1df_1.1.22621.3810_none_57f8d842ce19d879

VM Arguments:
jvm_args: -Dsun.java2d.pmoffscreen=false -Dhttps.protocols=TLSv1,TLSv1.1,TLSv1.2 -Dsun.java2d.xrender=false -Dsun.java2d.d3d=false -Dsun.awt.nopixfmt=true -Dsun.java2d.dpiaware=true -Dsun.java2d.uiScale.enabled=false -Dswing.aatext=true -XX:-UsePerfData -Djdk.map.althashing.threshold=512 -XX:StringTableSize=4072 -XX:+UseStringDeduplication -XX:MaxGCPauseMillis=200 -XX:+ParallelRefProcEnabled --add-opens=java.desktop/javax.swing.plaf.synth=ALL-UNNAMED --add-opens=java.base/java.nio=ALL-UNNAMED --add-opens=java.desktop/sun.swing=ALL-UNNAMED --add-opens=java.desktop/javax.swing=ALL-UNNAMED --add-opens=java.desktop/javax.swing.tree=ALL-UNNAMED --add-opens=java.desktop/javax.swing.plaf.basic=ALL-UNNAMED --add-opens=java.desktop/javax.swing.plaf.synth=ALL-UNNAMED --add-opens=java.desktop/javax.swing.plaf.basic=ALL-UNNAMED --add-opens=java.desktop/javax.swing=ALL-UNNAMED --add-opens=java.desktop/javax.swing.tree=ALL-UNNAMED --add-opens=java.desktop/java.awt.event=ALL-UNNAMED --add-exports=java.desktop/javax.swing.plaf.synth=ALL-UNNAMED --add-exports=java.base/java.nio=ALL-UNNAMED --add-exports=java.desktop/sun.swing=ALL-UNNAMED --add-exports=java.desktop/javax.swing=ALL-UNNAMED --add-exports=java.desktop/javax.swing.tree=ALL-UNNAMED --add-exports=java.desktop/javax.swing.plaf.basic=ALL-UNNAMED --add-exports=java.desktop/sun.swing=ALL-UNNAMED --add-exports=java.desktop/sun.swing.table=ALL-UNNAMED --add-exports=java.desktop/sun.swing.plaf.synth=ALL-UNNAMED --add-exports=java.desktop/sun.awt.shell=ALL-UNNAMED --add-exports=java.base/sun.security.action=ALL-UNNAMED --add-exports=java.desktop/sun.font=ALL-UNNAMED -XX:NewSize=80m -XX:MaxNewSize=80m -Xms512m -Xmx4072m -Xss10m 
java_command: <unknown>
java_class_path (initial): C:/Xilinx/Vivado/2023.2\lib\classes\alloy.jar;C:/Xilinx/Vivado/2023.2\lib\classes\asm-9.3.jar;C:/Xilinx/Vivado/2023.2\lib\classes\asm-analysis-9.3.jar;C:/Xilinx/Vivado/2023.2\lib\classes\asm-commons-9.3.jar;C:/Xilinx/Vivado/2023.2\lib\classes\asm-tree-9.3.jar;C:/Xilinx/Vivado/2023.2\lib\classes\autoesl-models.jar;C:/Xilinx/Vivado/2023.2\lib\classes\batik-anim.jar;C:/Xilinx/Vivado/2023.2\lib\classes\batik-awt-util.jar;C:/Xilinx/Vivado/2023.2\lib\classes\batik-bridge.jar;C:/Xilinx/Vivado/2023.2\lib\classes\batik-codec.jar;C:/Xilinx/Vivado/2023.2\lib\classes\batik-constants.jar;C:/Xilinx/Vivado/2023.2\lib\classes\batik-css.jar;C:/Xilinx/Vivado/2023.2\lib\classes\batik-dom.jar;C:/Xilinx/Vivado/2023.2\lib\classes\batik-ext.jar;C:/Xilinx/Vivado/2023.2\lib\classes\batik-gui-util.jar;C:/Xilinx/Vivado/2023.2\lib\classes\batik-gvt.jar;C:/Xilinx/Vivado/2023.2\lib\classes\batik-i18n.jar;C:/Xilinx/Vivado/2023.2\lib\classes\batik-parser.jar;C:/Xilinx/Vivado/2023.2\lib\classes\batik-script.jar;C:/Xilinx/Vivado/2023.2\lib\classes\batik-svg-dom.jar;C:/Xilinx/Vivado/2023.2\lib\classes\batik-svggen.jar;C:/Xilinx/Vivado/2023.2\lib\classes\batik-swing.jar;C:/Xilinx/Vivado/2023.2\lib\classes\batik-transcoder.jar;C:/Xilinx/Vivado/2023.2\lib\classes\batik-util.jar;C:/Xilinx/Vivado/2023.2\lib\classes\batik-xml.jar;C:/Xilinx/Vivado/2023.2\lib\classes\com.fasterxml.jackson.core.jackson-annotations_2.12.1.v20210128-1726.jar;C:/Xilinx/Vivado/2023.2\lib\classes\com.fasterxml.jackson.core.jackson-core_2.12.1.v20210128-1726.jar;C:/Xilinx/Vivado/2023.2\lib\classes\com.fasterxml.jackson.core.jackson-databind_2.12.1.v20210128-1726.jar;C:/Xilinx/Vivado/2023.2\lib\classes\com.google.gson_2.8.9.v20220111-1409.jar;C:/Xilinx/Vivado/2023.2\lib\classes\com.google.guava_30.1.0.v20210127-2300.jar;C:/Xilinx/Vivado/2023.2\lib\classes\com.sigasi.hdt.connection_4.17.2.202304211001.jar;C:/Xilinx/Vivado/2023.2\lib\classes\com.sigasi.hdt.epl_4.17.2.202304211001.jar;C:/Xilinx/Vivado/2023.
Launcher Type: generic

[Global flags]
     intx CICompilerCount                          = 12                                        {product} {ergonomic}
     uint ConcGCThreads                            = 5                                         {product} {ergonomic}
     uint G1ConcRefinementThreads                  = 18                                        {product} {ergonomic}
   size_t G1HeapRegionSize                         = 2097152                                   {product} {ergonomic}
    uintx GCDrainStackTargetSize                   = 64                                        {product} {ergonomic}
   size_t InitialHeapSize                          = 536870912                                 {product} {command line}
   size_t MarkStackSize                            = 4194304                                   {product} {ergonomic}
    uintx MaxGCPauseMillis                         = 200                                       {product} {command line}
   size_t MaxHeapSize                              = 4269801472                                {product} {command line}
   size_t MaxNewSize                               = 83886080                                  {product} {command line}
   size_t MinHeapDeltaBytes                        = 2097152                                   {product} {ergonomic}
   size_t MinHeapSize                              = 536870912                                 {product} {command line}
   size_t NewSize                                  = 83886080                                  {product} {command line}
    uintx NonNMethodCodeHeapSize                   = 7602480                                {pd product} {ergonomic}
    uintx NonProfiledCodeHeapSize                  = 122027880                              {pd product} {ergonomic}
     bool ParallelRefProcEnabled                   = true                                      {product} {command line}
    uintx ProfiledCodeHeapSize                     = 122027880                              {pd product} {ergonomic}
    uintx ReservedCodeCacheSize                    = 251658240                              {pd product} {ergonomic}
     bool SegmentedCodeCache                       = true                                      {product} {ergonomic}
   size_t SoftMaxHeapSize                          = 4269801472                             {manageable} {ergonomic}
    uintx StringTableSize                          = 4072                                      {product} {command line}
     intx ThreadStackSize                          = 10240                                  {pd product} {command line}
     bool UseCompressedClassPointers               = true                           {product lp64_product} {ergonomic}
     bool UseCompressedOops                        = true                           {product lp64_product} {ergonomic}
     bool UseG1GC                                  = true                                      {product} {ergonomic}
     bool UseLargePagesIndividualAllocation        = false                                  {pd product} {ergonomic}
     bool UsePerfData                              = false                                     {product} {command line}
     bool UseStringDeduplication                   = true                                      {product} {command line}

Logging:
Log output configuration:
 #0: stdout all=warning uptime,level,tags
 #1: stderr all=off uptime,level,tags

Environment Variables:
PATH=C:/Xilinx/Vivado/2023.2\gnuwin\bin;C:/Xilinx/Vivado/2023.2\gnu\microblaze\nt\bin;C:/Xilinx/Vivado/2023.2/bin;C:/Xilinx/Vivado/2023.2/tps/win64/java-cef-95.0.4638.69/bin/lib/win64;C:/Xilinx/Vivado/2023.2/tps/win64/javafx-sdk-17.0.1/lib;C:/Xilinx/Vivado/2023.2/tps/win64/javafx-sdk-17.0.1/bin;C:/Xilinx/Vivado/2023.2/lib/win64.o;C:/Xilinx/Vivado/2023.2/tps/win64/jre17.0.7_7/bin/server;C:/Xilinx/Vivado/2023.2/tps/win64/jre17.0.7_7/bin;C:/Xilinx/Vivado/2023.2/ids_lite/ISE/bin/nt64;C:/Xilinx/Vivado/2023.2/ids_lite/ISE/lib/nt64;C:/Xilinx/Vitis_HLS/2023.2/bin;C:\Program Files (x86)\Measurement Computing\DAQ\;C:\windows\system32;C:\windows;C:\windows\System32\Wbem;C:\windows\System32\WindowsPowerShell\v1.0\;C:\windows\System32\OpenSSH\;C:\Program Files\dotnet\;C:\Program Files\MATLAB\R2023b\runtime\win64;C:\Program Files\MATLAB\R2023b\bin;C:\Program Files\PuTTY\;C:\Program Files\Git\cmd;C:\Program Files (x86)\IVI Foundation\VISA\WinNT\Bin\;C:\Program Files\IVI Foundation\VISA\Win64\Bin\;C:\Users\Kumar Lab\AppData\Local\Programs\Python\Launcher\;C:\Users\Kumar Lab\AppData\Local\Microsoft\WindowsApps;C:\Users\Kumar Lab\AppData\Local\GitHubDesktop\bin;C:\Users\Kumar Lab\AppData\Local\Programs\Microsoft VS Code\bin;C:\Users\Kumar Lab\.local\bin;;C:/Xilinx/Vivado/2023.2\tps\mingw\6.2.0\win64.o\nt\bin;C:/Xilinx/Vivado/2023.2\tps\mingw\6.2.0\win64.o\nt\libexec\gcc\x86_64-w64-mingw32\6.2.0;C:/Xilinx/Vivado/2023.2\tps\win64\python-3.8.3;C:/Xilinx/Vivado/2023.2\tps\win64\python-3.8.3\bin;C:/Xilinx/Vivado/2023.2\tps\win64\python-3.8.3\lib;C:/Xilinx/Vivado/2023.2\tps\win64\python-3.8.3\lib\site-packages
USERNAME=Kumar Lab
OS=Windows_NT
PROCESSOR_IDENTIFIER=Intel64 Family 6 Model 183 Stepping 1, GenuineIntel
TMP=C:\Users\KUMARL~1\AppData\Local\Temp
TEMP=C:\Users\KUMARL~1\AppData\Local\Temp



---------------  S Y S T E M  ---------------

OS:
 Windows 11 , 64 bit Build 22621 (10.0.22621.3672)
OS uptime: 14 days 19:57 hours
Hyper-V role detected

CPU: total 24 (initial active 24) (12 cores per cpu, 2 threads per core) family 6 model 183 stepping 1 microcode 0x11d, cx8, cmov, fxsr, ht, mmx, 3dnowpref, sse, sse2, sse3, ssse3, sse4.1, sse4.2, popcnt, lzcnt, tsc, tscinvbit, avx, avx2, aes, erms, clmul, bmi1, bmi2, adx, sha, fma, vzeroupper, clflush, clflushopt, clwb, hv

Memory: 4k page, system-wide physical 32456M (8000M free)
TotalPageFile size 65224M (AvailPageFile size 26426M)
current process WorkingSet (physical memory assigned to process): 933M, peak: 2632M
current process commit charge ("private bytes"): 3584M, peak: 4003M

vm_info: OpenJDK 64-Bit Server VM (17.0.7+7) for windows-amd64 JRE (17.0.7+7), built on Apr 18 2023 22:10:42 by "temurin" with MS VC++ 16.7 (VS2019)

END.
