#-----------------------------------------------------------
# Vivado v2023.2 (64-bit)
# SW Build 4029153 on Fri Oct 13 20:14:34 MDT 2023
# IP Build 4028589 on Sat Oct 14 00:45:43 MDT 2023
# SharedData Build 4025554 on Tue Oct 10 17:18:54 MDT 2023
# Start of session at: Mon May 18 12:46:03 2026
# Process ID: 59836
# Current directory: C:/Users/Kumar Lab/Desktop/Shannon/clock_test_ex
# Command line: vivado.exe -gui_launcher_event rodinguilauncherevent61320 C:\Users\Kumar Lab\Desktop\Shannon\clock_test_ex\clock_test_ex.xpr
# Log file: C:/Users/Kumar Lab/Desktop/Shannon/clock_test_ex/vivado.log
# Journal file: C:/Users/Kumar Lab/Desktop/Shannon/clock_test_ex\vivado.jou
# Running On: ECE-OP7010PC2, OS: Windows, CPU Frequency: 2112 MHz, CPU Physical cores: 16, Host memory: 34033 MB
#-----------------------------------------------------------
start_gui
open_project {C:/Users/Kumar Lab/Desktop/Shannon/clock_test_ex/clock_test_ex.xpr}
WARNING: [Board 49-26] cannot add Board Part xilinx.com:kcu105:part0:1.6 available at C:/Xilinx/Vivado/2023.2/data/xhub/boards/XilinxBoardStore/boards/Xilinx/kcu105/1.6/board.xml as part xcku040-ffva1156-2-e specified in board_part file is either invalid or not available
WARNING: [Board 49-26] cannot add Board Part xilinx.com:kcu105:part0:1.7 available at C:/Xilinx/Vivado/2023.2/data/xhub/boards/XilinxBoardStore/boards/Xilinx/kcu105/1.7/board.xml as part xcku040-ffva1156-2-e specified in board_part file is either invalid or not available
WARNING: [Board 49-26] cannot add Board Part xilinx.com:kcu116:part0:1.4 available at C:/Xilinx/Vivado/2023.2/data/xhub/boards/XilinxBoardStore/boards/Xilinx/kcu116/1.4/board.xml as part xcku5p-ffvb676-2-e specified in board_part file is either invalid or not available
WARNING: [Board 49-26] cannot add Board Part xilinx.com:kcu116:part0:1.5 available at C:/Xilinx/Vivado/2023.2/data/xhub/boards/XilinxBoardStore/boards/Xilinx/kcu116/1.5/board.xml as part xcku5p-ffvb676-2-e specified in board_part file is either invalid or not available
WARNING: [Board 49-26] cannot add Board Part xilinx.com:kcu1500:part0:1.2 available at C:/Xilinx/Vivado/2023.2/data/xhub/boards/XilinxBoardStore/boards/Xilinx/kcu1500/1.2/board.xml as part xcku115-flvb2104-2-e specified in board_part file is either invalid or not available
WARNING: [Board 49-26] cannot add Board Part xilinx.com:vck190:part0:2.2 available at C:/Xilinx/Vivado/2023.2/data/xhub/boards/XilinxBoardStore/boards/Xilinx/vck190/production/2.2/board.xml as part xcvc1902-vsva2197-2mp-e-s specified in board_part file is either invalid or not available
WARNING: [Board 49-26] cannot add Board Part xilinx.com:vck190:part0:3.0 available at C:/Xilinx/Vivado/2023.2/data/xhub/boards/XilinxBoardStore/boards/Xilinx/vck190/production/3.0/board.xml as part xcvc1902-vsva2197-2mp-e-s specified in board_part file is either invalid or not available
WARNING: [Board 49-26] cannot add Board Part xilinx.com:vck190:part0:3.1 available at C:/Xilinx/Vivado/2023.2/data/xhub/boards/XilinxBoardStore/boards/Xilinx/vck190/production/3.1/board.xml as part xcvc1902-vsva2197-2mp-e-s specified in board_part file is either invalid or not available
WARNING: [Board 49-26] cannot add Board Part xilinx.com:vck190:part0:3.2 available at C:/Xilinx/Vivado/2023.2/data/xhub/boards/XilinxBoardStore/boards/Xilinx/vck190/production/3.2/board.xml as part xcvc1902-vsva2197-2mp-e-s specified in board_part file is either invalid or not available
WARNING: [Board 49-26] cannot add Board Part xilinx.com:vck190_newl:part0:1.0 available at C:/Xilinx/Vivado/2023.2/data/xhub/boards/XilinxBoardStore/boards/Xilinx/vck190_newl/production/1.0/board.xml as part xcvc1902-vsva2197-2mp-e-s specified in board_part file is either invalid or not available
WARNING: [Board 49-26] cannot add Board Part xilinx.com:vck190_newl:part0:1.1 available at C:/Xilinx/Vivado/2023.2/data/xhub/boards/XilinxBoardStore/boards/Xilinx/vck190_newl/production/1.1/board.xml as part xcvc1902-vsva2197-2mp-e-s specified in board_part file is either invalid or not available
WARNING: [Board 49-26] cannot add Board Part xilinx.com:vcu108:part0:1.6 available at C:/Xilinx/Vivado/2023.2/data/xhub/boards/XilinxBoardStore/boards/Xilinx/vcu108/1.6/board.xml as part xcvu095-ffva2104-2-e specified in board_part file is either invalid or not available
WARNING: [Board 49-26] cannot add Board Part xilinx.com:vcu108:part0:1.7 available at C:/Xilinx/Vivado/2023.2/data/xhub/boards/XilinxBoardStore/boards/Xilinx/vcu108/1.7/board.xml as part xcvu095-ffva2104-2-e specified in board_part file is either invalid or not available
WARNING: [Board 49-26] cannot add Board Part xilinx.com:vcu110:part0:1.4 available at C:/Xilinx/Vivado/2023.2/data/xhub/boards/XilinxBoardStore/boards/Xilinx/vcu110/1.4/board.xml as part xcvu190-flgc2104-2-e specified in board_part file is either invalid or not available
WARNING: [Board 49-26] cannot add Board Part xilinx.com:vcu118:part0:2.0 available at C:/Xilinx/Vivado/2023.2/data/xhub/boards/XilinxBoardStore/boards/Xilinx/vcu118/2.0/board.xml as part xcvu9p-flga2104-2l-e specified in board_part file is either invalid or not available
WARNING: [Board 49-26] cannot add Board Part xilinx.com:vcu118:part0:2.3 available at C:/Xilinx/Vivado/2023.2/data/xhub/boards/XilinxBoardStore/boards/Xilinx/vcu118/2.3/board.xml as part xcvu9p-flga2104-2l-e specified in board_part file is either invalid or not available
WARNING: [Board 49-26] cannot add Board Part xilinx.com:vcu118:part0:2.4 available at C:/Xilinx/Vivado/2023.2/data/xhub/boards/XilinxBoardStore/boards/Xilinx/vcu118/2.4/board.xml as part xcvu9p-flga2104-2l-e specified in board_part file is either invalid or not available
WARNING: [Board 49-26] cannot add Board Part xilinx.com:vcu128:part0:1.0 available at C:/Xilinx/Vivado/2023.2/data/xhub/boards/XilinxBoardStore/boards/Xilinx/vcu128/production/1.0/board.xml as part xcvu37p-fsvh2892-2l-e specified in board_part file is either invalid or not available
WARNING: [Board 49-26] cannot add Board Part xilinx.com:vcu129:part0:1.0 available at C:/Xilinx/Vivado/2023.2/data/xhub/boards/XilinxBoardStore/boards/Xilinx/vcu129/production/1.0/board.xml as part xcvu29p-fsga2577-2l-e specified in board_part file is either invalid or not available
WARNING: [Board 49-26] cannot add Board Part xilinx.com:vcu1525:part0:1.3 available at C:/Xilinx/Vivado/2023.2/data/xhub/boards/XilinxBoardStore/boards/Xilinx/vcu1525/1.3/board.xml as part xcvu9p-fsgd2104-2l-e specified in board_part file is either invalid or not available
WARNING: [Board 49-26] cannot add Board Part xilinx.com:vek280:part0:1.0 available at C:/Xilinx/Vivado/2023.2/data/xhub/boards/XilinxBoardStore/boards/Xilinx/vek280/production/1.0/board.xml as part xcve2802-vsvh1760-2mp-e-s specified in board_part file is either invalid or not available
WARNING: [Board 49-26] cannot add Board Part xilinx.com:vek280_es:part0:1.0 available at C:/Xilinx/Vivado/2023.2/data/xhub/boards/XilinxBoardStore/boards/Xilinx/vek280/es/rev_a/1.0/board.xml as part xcve2802-vsvh1760-2lp-e-s-es1 specified in board_part file is either invalid or not available
WARNING: [Board 49-26] cannot add Board Part xilinx.com:vek280_es:part0:1.1 available at C:/Xilinx/Vivado/2023.2/data/xhub/boards/XilinxBoardStore/boards/Xilinx/vek280/es/rev_a/1.1/board.xml as part xcve2802-vsvh1760-2lp-e-s-es1 specified in board_part file is either invalid or not available
WARNING: [Board 49-26] cannot add Board Part xilinx.com:vek280_es_revb:part0:1.0 available at C:/Xilinx/Vivado/2023.2/data/xhub/boards/XilinxBoardStore/boards/Xilinx/vek280/es/rev_b/1.0/board.xml as part xcve2802-vsvh1760-2mp-e-s-es1 specified in board_part file is either invalid or not available
WARNING: [Board 49-26] cannot add Board Part xilinx.com:vek280_es_revb:part0:1.1 available at C:/Xilinx/Vivado/2023.2/data/xhub/boards/XilinxBoardStore/boards/Xilinx/vek280/es/rev_b/1.1/board.xml as part xcve2802-vsvh1760-2mp-e-s-es1 specified in board_part file is either invalid or not available
WARNING: [Board 49-26] cannot add Board Part xilinx.com:vermeo_t1_mpsoc:part0:1.0 available at C:/Xilinx/Vivado/2023.2/data/xhub/boards/XilinxBoardStore/boards/Xilinx/vermeo_t1_mpsoc/1.0/board.xml as part xczu19eg-ffvd1760-2l-e specified in board_part file is either invalid or not available
WARNING: [Board 49-26] cannot add Board Part xilinx.com:vermeo_t1_rfsoc:part0:1.0 available at C:/Xilinx/Vivado/2023.2/data/xhub/boards/XilinxBoardStore/boards/Xilinx/vermeo_t1_rfsoc/1.0/board.xml as part xczu21dr-ffvd1156-2l-e specified in board_part file is either invalid or not available
WARNING: [Board 49-26] cannot add Board Part xilinx.com:vhk158:part0:1.0 available at C:/Xilinx/Vivado/2023.2/data/xhub/boards/XilinxBoardStore/boards/Xilinx/vhk158/production/1.0/board.xml as part xcvh1582-vsva3697-2mp-e-s specified in board_part file is either invalid or not available
WARNING: [Board 49-26] cannot add Board Part xilinx.com:vhk158:part0:1.1 available at C:/Xilinx/Vivado/2023.2/data/xhub/boards/XilinxBoardStore/boards/Xilinx/vhk158/production/1.1/board.xml as part xcvh1582-vsva3697-2mp-e-s specified in board_part file is either invalid or not available
WARNING: [Board 49-26] cannot add Board Part xilinx.com:vhk158_es:part0:1.0 available at C:/Xilinx/Vivado/2023.2/data/xhub/boards/XilinxBoardStore/boards/Xilinx/vhk158/es/1.0/board.xml as part xcvh1582-vsva3697-2mp-e-s-es1 specified in board_part file is either invalid or not available
WARNING: [Board 49-26] cannot add Board Part xilinx.com:vhk158_es:part0:1.1 available at C:/Xilinx/Vivado/2023.2/data/xhub/boards/XilinxBoardStore/boards/Xilinx/vhk158/es/1.1/board.xml as part xcvh1582-vsva3697-2mp-e-s-es1 specified in board_part file is either invalid or not available
WARNING: [Board 49-26] cannot add Board Part xilinx.com:vmk180:part0:2.2 available at C:/Xilinx/Vivado/2023.2/data/xhub/boards/XilinxBoardStore/boards/Xilinx/vmk180/production/2.2/board.xml as part xcvm1802-vsva2197-2mp-e-s specified in board_part file is either invalid or not available
WARNING: [Board 49-26] cannot add Board Part xilinx.com:vmk180:part0:3.0 available at C:/Xilinx/Vivado/2023.2/data/xhub/boards/XilinxBoardStore/boards/Xilinx/vmk180/production/3.0/board.xml as part xcvm1802-vsva2197-2mp-e-s specified in board_part file is either invalid or not available
WARNING: [Board 49-26] cannot add Board Part xilinx.com:vmk180:part0:3.1 available at C:/Xilinx/Vivado/2023.2/data/xhub/boards/XilinxBoardStore/boards/Xilinx/vmk180/production/3.1/board.xml as part xcvm1802-vsva2197-2mp-e-s specified in board_part file is either invalid or not available
WARNING: [Board 49-26] cannot add Board Part xilinx.com:vmk180:part0:3.2 available at C:/Xilinx/Vivado/2023.2/data/xhub/boards/XilinxBoardStore/boards/Xilinx/vmk180/production/3.2/board.xml as part xcvm1802-vsva2197-2mp-e-s specified in board_part file is either invalid or not available
WARNING: [Board 49-26] cannot add Board Part xilinx.com:vmk180_newl:part0:1.0 available at C:/Xilinx/Vivado/2023.2/data/xhub/boards/XilinxBoardStore/boards/Xilinx/vmk180_newl/production/1.0/board.xml as part xcvm1802-vsva2197-2mp-e-s specified in board_part file is either invalid or not available
WARNING: [Board 49-26] cannot add Board Part xilinx.com:vmk180_newl:part0:1.1 available at C:/Xilinx/Vivado/2023.2/data/xhub/boards/XilinxBoardStore/boards/Xilinx/vmk180_newl/production/1.1/board.xml as part xcvm1802-vsva2197-2mp-e-s specified in board_part file is either invalid or not available
WARNING: [Board 49-26] cannot add Board Part xilinx.com:vpk120:part0:1.0 available at C:/Xilinx/Vivado/2023.2/data/xhub/boards/XilinxBoardStore/boards/Xilinx/vpk120/production/1.0/board.xml as part xcvp1202-vsva2785-2mp-e-s specified in board_part file is either invalid or not available
WARNING: [Board 49-26] cannot add Board Part xilinx.com:vpk120:part0:1.1 available at C:/Xilinx/Vivado/2023.2/data/xhub/boards/XilinxBoardStore/boards/Xilinx/vpk120/production/1.1/board.xml as part xcvp1202-vsva2785-2mp-e-s specified in board_part file is either invalid or not available
WARNING: [Board 49-26] cannot add Board Part xilinx.com:vpk120:part0:1.2 available at C:/Xilinx/Vivado/2023.2/data/xhub/boards/XilinxBoardStore/boards/Xilinx/vpk120/production/1.2/board.xml as part xcvp1202-vsva2785-2mp-e-s specified in board_part file is either invalid or not available
WARNING: [Board 49-26] cannot add Board Part xilinx.com:vpk180:part0:1.0 available at C:/Xilinx/Vivado/2023.2/data/xhub/boards/XilinxBoardStore/boards/Xilinx/vpk180/production/1.0/board.xml as part xcvp1802-lsvc4072-2mp-e-s specified in board_part file is either invalid or not available
WARNING: [Board 49-26] cannot add Board Part xilinx.com:vpk180:part0:1.1 available at C:/Xilinx/Vivado/2023.2/data/xhub/boards/XilinxBoardStore/boards/Xilinx/vpk180/production/1.1/board.xml as part xcvp1802-lsvc4072-2mp-e-s specified in board_part file is either invalid or not available
WARNING: [Board 49-26] cannot add Board Part xilinx.com:zc702:part0:1.4 available at C:/Xilinx/Vivado/2023.2/data/xhub/boards/XilinxBoardStore/boards/Xilinx/zc702/1.4/board.xml as part xc7z020clg484-1 specified in board_part file is either invalid or not available
WARNING: [Board 49-26] cannot add Board Part xilinx.com:zc706:part0:1.4 available at C:/Xilinx/Vivado/2023.2/data/xhub/boards/XilinxBoardStore/boards/Xilinx/zc706/1.4/board.xml as part xc7z045ffg900-2 specified in board_part file is either invalid or not available
WARNING: [Board 49-26] cannot add Board Part xilinx.com:zcu102:part0:3.3 available at C:/Xilinx/Vivado/2023.2/data/xhub/boards/XilinxBoardStore/boards/Xilinx/zcu102/3.3/board.xml as part xczu9eg-ffvb1156-2-e specified in board_part file is either invalid or not available
WARNING: [Board 49-26] cannot add Board Part xilinx.com:zcu102:part0:3.4 available at C:/Xilinx/Vivado/2023.2/data/xhub/boards/XilinxBoardStore/boards/Xilinx/zcu102/3.4/board.xml as part xczu9eg-ffvb1156-2-e specified in board_part file is either invalid or not available
WARNING: [Board 49-26] cannot add Board Part xilinx.com:zcu104:part0:1.1 available at C:/Xilinx/Vivado/2023.2/data/xhub/boards/XilinxBoardStore/boards/Xilinx/zcu104/1.1/board.xml as part xczu7ev-ffvc1156-2-e specified in board_part file is either invalid or not available
WARNING: [Board 49-26] cannot add Board Part xilinx.com:zcu106:part0:2.4 available at C:/Xilinx/Vivado/2023.2/data/xhub/boards/XilinxBoardStore/boards/Xilinx/zcu106/2.4/board.xml as part xczu7ev-ffvc1156-2-e specified in board_part file is either invalid or not available
WARNING: [Board 49-26] cannot add Board Part xilinx.com:zcu106:part0:2.5 available at C:/Xilinx/Vivado/2023.2/data/xhub/boards/XilinxBoardStore/boards/Xilinx/zcu106/2.5/board.xml as part xczu7ev-ffvc1156-2-e specified in board_part file is either invalid or not available
WARNING: [Board 49-26] cannot add Board Part xilinx.com:zcu106:part0:2.6 available at C:/Xilinx/Vivado/2023.2/data/xhub/boards/XilinxBoardStore/boards/Xilinx/zcu106/2.6/board.xml as part xczu7ev-ffvc1156-2-e specified in board_part file is either invalid or not available
WARNING: [Board 49-26] cannot add Board Part xilinx.com:zcu111:part0:1.2 available at C:/Xilinx/Vivado/2023.2/data/xhub/boards/XilinxBoardStore/boards/Xilinx/zcu111/1.2/board.xml as part xczu28dr-ffvg1517-2-e specified in board_part file is either invalid or not available
WARNING: [Board 49-26] cannot add Board Part xilinx.com:zcu111:part0:1.3 available at C:/Xilinx/Vivado/2023.2/data/xhub/boards/XilinxBoardStore/boards/Xilinx/zcu111/1.3/board.xml as part xczu28dr-ffvg1517-2-e specified in board_part file is either invalid or not available
WARNING: [Board 49-26] cannot add Board Part xilinx.com:zcu111:part0:1.4 available at C:/Xilinx/Vivado/2023.2/data/xhub/boards/XilinxBoardStore/boards/Xilinx/zcu111/1.4/board.xml as part xczu28dr-ffvg1517-2-e specified in board_part file is either invalid or not available
WARNING: [Board 49-26] cannot add Board Part xilinx.com:zcu1275:part0:1.0 available at C:/Xilinx/Vivado/2023.2/data/xhub/boards/XilinxBoardStore/boards/Xilinx/zcu1275/1.0/board.xml as part xczu29dr-ffvf1760-2-e specified in board_part file is either invalid or not available
WARNING: [Board 49-26] cannot add Board Part xilinx.com:zcu1285:part0:1.0 available at C:/Xilinx/Vivado/2023.2/data/xhub/boards/XilinxBoardStore/boards/Xilinx/zcu1285/1.0/board.xml as part xczu39dr-ffvf1760-2-i specified in board_part file is either invalid or not available
WARNING: [Board 49-26] cannot add Board Part xilinx.com:zcu208:part0:2.0 available at C:/Xilinx/Vivado/2023.2/data/xhub/boards/XilinxBoardStore/boards/Xilinx/zcu208/production/2.0/board.xml as part xczu48dr-fsvg1517-2-e specified in board_part file is either invalid or not available
WARNING: [Board 49-26] cannot add Board Part xilinx.com:zcu208ld:part0:2.0 available at C:/Xilinx/Vivado/2023.2/data/xhub/boards/XilinxBoardStore/boards/Xilinx/zcu208ld/production/2.0/board.xml as part xczu58dr-fsvg1517-2-i specified in board_part file is either invalid or not available
WARNING: [Board 49-26] cannot add Board Part xilinx.com:zcu216:part0:2.0 available at C:/Xilinx/Vivado/2023.2/data/xhub/boards/XilinxBoardStore/boards/Xilinx/zcu216/production/2.0/board.xml as part xczu49dr-ffvf1760-2-e specified in board_part file is either invalid or not available
WARNING: [Board 49-26] cannot add Board Part xilinx.com:zcu216ld:part0:2.0 available at C:/Xilinx/Vivado/2023.2/data/xhub/boards/XilinxBoardStore/boards/Xilinx/zcu216ld/production/2.0/board.xml as part xczu59dr-ffvf1760-2-i specified in board_part file is either invalid or not available
WARNING: [Board 49-26] cannot add Board Part xilinx.com:zcu670:part0:2.0 available at C:/Xilinx/Vivado/2023.2/data/xhub/boards/XilinxBoardStore/boards/Xilinx/zcu670/2.0/board.xml as part xczu67dr-fsve1156-2-i specified in board_part file is either invalid or not available
WARNING: [Board 49-26] cannot add Board Part xilinx.com:zcu670ld:part0:1.0 available at C:/Xilinx/Vivado/2023.2/data/xhub/boards/XilinxBoardStore/boards/Xilinx/zcu670ld/1.0/board.xml as part xczu57dr-fsve1156-2-i specified in board_part file is either invalid or not available
Scanning sources...
Finished scanning sources
INFO: [IP_Flow 19-234] Refreshing IP repositories
INFO: [IP_Flow 19-1704] No user IP repositories specified
INFO: [IP_Flow 19-2313] Loaded Vivado IP repository 'C:/Xilinx/Vivado/2023.2/data/ip'.
open_project: Time (s): cpu = 00:00:05 ; elapsed = 00:00:09 . Memory (MB): peak = 1572.145 ; gain = 463.215
update_compile_order -fileset sources_1
open_run synth_1 -name synth_1
Design is defaulting to impl run constrset: constrs_1
Design is defaulting to synth run part: xc7vx690tffg1761-2
INFO: [Device 21-403] Loading part xc7vx690tffg1761-2
INFO: [Project 1-454] Reading design checkpoint 'c:/Users/Kumar Lab/Desktop/Shannon/clock_test_ex/clock_test_ex.gen/sources_1/ip/vio_0/vio_0.dcp' for cell 'u_qwn_vio'
INFO: [Project 1-454] Reading design checkpoint 'c:/Users/Kumar Lab/Desktop/Shannon/clock_test_ex/clock_test_ex.gen/sources_1/ip/clock_test/clock_test.dcp' for cell 'clock_test_support_i/clock_test_init_i'
Netlist sorting complete. Time (s): cpu = 00:00:00 ; elapsed = 00:00:00.068 . Memory (MB): peak = 2204.133 ; gain = 0.000
INFO: [Netlist 29-17] Analyzing 357 Unisim elements for replacement
INFO: [Netlist 29-28] Unisim Transformation completed in 0 CPU seconds
INFO: [Project 1-479] Netlist was created with Vivado 2023.2
INFO: [Project 1-570] Preparing netlist for logic optimization
INFO: [Chipscope 16-324] Core: u_qwn_vio UUID: 1373ede7-bde7-55be-a904-b91480c49f5a 
Parsing XDC File [c:/Users/Kumar Lab/Desktop/Shannon/clock_test_ex/clock_test_ex.gen/sources_1/ip/vio_0/vio_0.xdc] for cell 'u_qwn_vio'
Finished Parsing XDC File [c:/Users/Kumar Lab/Desktop/Shannon/clock_test_ex/clock_test_ex.gen/sources_1/ip/vio_0/vio_0.xdc] for cell 'u_qwn_vio'
Parsing XDC File [c:/Users/Kumar Lab/Desktop/Shannon/clock_test_ex/clock_test_ex.gen/sources_1/ip/clock_test/clock_test.xdc] for cell 'clock_test_support_i/clock_test_init_i/inst'
Finished Parsing XDC File [c:/Users/Kumar Lab/Desktop/Shannon/clock_test_ex/clock_test_ex.gen/sources_1/ip/clock_test/clock_test.xdc] for cell 'clock_test_support_i/clock_test_init_i/inst'
Parsing XDC File [C:/Users/Kumar Lab/Desktop/Shannon/clock_test_ex/clock_test_ex.gen/sources_1/ip/clock_test/clock_test/example_design/clock_test_exdes.xdc]
Finished Parsing XDC File [C:/Users/Kumar Lab/Desktop/Shannon/clock_test_ex/clock_test_ex.gen/sources_1/ip/clock_test/clock_test/example_design/clock_test_exdes.xdc]
Parsing XDC File [C:/Users/Kumar Lab/Desktop/Shannon/clock_test_ex/clock_test_ex.srcs/constrs_1/new/qwn_io_supp.xdc]
Finished Parsing XDC File [C:/Users/Kumar Lab/Desktop/Shannon/clock_test_ex/clock_test_ex.srcs/constrs_1/new/qwn_io_supp.xdc]
INFO: [Opt 31-138] Pushed 0 inverter(s) to 0 load pin(s).
Netlist sorting complete. Time (s): cpu = 00:00:00 ; elapsed = 00:00:00.002 . Memory (MB): peak = 2343.871 ; gain = 0.000
INFO: [Project 1-111] Unisim Transformation Summary:
  A total of 1 instances were transformed.
  OBUFDS => OBUFDS: 1 instance 

open_run: Time (s): cpu = 00:00:07 ; elapsed = 00:00:12 . Memory (MB): peak = 2799.898 ; gain = 1175.332
WARNING: [filemgmt 56-199] Attempt to get parsing info during refresh. "On-the-fly" syntax checking information may be incorrect. [C:\Users\Kumar Lab\Desktop\Shannon\clock_test_ex\clock_test_ex.gen\sources_1\ip\clock_test\clock_test\example_design\clock_test_rx_startup_fsm.v:]
WARNING: [filemgmt 56-199] Attempt to get parsing info during refresh. "On-the-fly" syntax checking information may be incorrect. [C:\Users\Kumar Lab\Desktop\Shannon\clock_test_ex\clock_test_ex.gen\sources_1\ip\clock_test\clock_test\example_design\clock_test_gt_frame_check.v:]
WARNING: [filemgmt 56-199] Attempt to get parsing info during refresh. "On-the-fly" syntax checking information may be incorrect. [C:\Users\Kumar Lab\Desktop\Shannon\clock_test_ex\clock_test_ex.srcs\sources_1\new\qwn_exdes.v:]
WARNING: [filemgmt 56-199] Attempt to get parsing info during refresh. "On-the-fly" syntax checking information may be incorrect. [C:\Users\Kumar Lab\Desktop\Shannon\clock_test_ex\clock_test_ex.gen\sources_1\ip\clock_test\clock_test\example_design\clock_test_rx_startup_fsm.v:]
WARNING: [filemgmt 56-199] Attempt to get parsing info during refresh. "On-the-fly" syntax checking information may be incorrect. [C:\Users\Kumar Lab\Desktop\Shannon\clock_test_ex\clock_test_ex.gen\sources_1\ip\clock_test\clock_test\example_design\clock_test_gt_frame_check.v:]
WARNING: [filemgmt 56-199] Attempt to get parsing info during refresh. "On-the-fly" syntax checking information may be incorrect. [C:\Users\Kumar Lab\Desktop\Shannon\clock_test_ex\clock_test_ex.srcs\sources_1\new\qwn_exdes.v:]
ERROR: [Common 17-180] Spawn failed: No error
WARNING: [filemgmt 56-199] Attempt to get parsing info during refresh. "On-the-fly" syntax checking information may be incorrect. [C:\Users\Kumar Lab\Desktop\Shannon\clock_test_ex\clock_test_ex.gen\sources_1\ip\clock_test\clock_test\example_design\clock_test_rx_startup_fsm.v:]
WARNING: [filemgmt 56-199] Attempt to get parsing info during refresh. "On-the-fly" syntax checking information may be incorrect. [C:\Users\Kumar Lab\Desktop\Shannon\clock_test_ex\clock_test_ex.gen\sources_1\ip\clock_test\clock_test\example_design\clock_test_gt_frame_check.v:]
WARNING: [filemgmt 56-199] Attempt to get parsing info during refresh. "On-the-fly" syntax checking information may be incorrect. [C:\Users\Kumar Lab\Desktop\Shannon\clock_test_ex\clock_test_ex.srcs\sources_1\new\qwn_exdes.v:]
WARNING: [filemgmt 56-199] Attempt to get parsing info during refresh. "On-the-fly" syntax checking information may be incorrect. [C:\Users\Kumar Lab\Desktop\Shannon\clock_test_ex\clock_test_ex.gen\sources_1\ip\clock_test\clock_test\example_design\clock_test_rx_startup_fsm.v:]
WARNING: [filemgmt 56-199] Attempt to get parsing info during refresh. "On-the-fly" syntax checking information may be incorrect. [C:\Users\Kumar Lab\Desktop\Shannon\clock_test_ex\clock_test_ex.gen\sources_1\ip\clock_test\clock_test\example_design\clock_test_gt_frame_check.v:]
WARNING: [filemgmt 56-199] Attempt to get parsing info during refresh. "On-the-fly" syntax checking information may be incorrect. [C:\Users\Kumar Lab\Desktop\Shannon\clock_test_ex\clock_test_ex.srcs\sources_1\new\qwn_exdes.v:]
WARNING: [filemgmt 56-199] Attempt to get parsing info during refresh. "On-the-fly" syntax checking information may be incorrect. [C:\Users\Kumar Lab\Desktop\Shannon\clock_test_ex\clock_test_ex.gen\sources_1\ip\clock_test\clock_test\example_design\clock_test_rx_startup_fsm.v:]
WARNING: [filemgmt 56-199] Attempt to get parsing info during refresh. "On-the-fly" syntax checking information may be incorrect. [C:\Users\Kumar Lab\Desktop\Shannon\clock_test_ex\clock_test_ex.gen\sources_1\ip\clock_test\clock_test\example_design\clock_test_gt_frame_check.v:]
WARNING: [filemgmt 56-199] Attempt to get parsing info during refresh. "On-the-fly" syntax checking information may be incorrect. [C:\Users\Kumar Lab\Desktop\Shannon\clock_test_ex\clock_test_ex.srcs\sources_1\new\qwn_exdes.v:]
WARNING: [filemgmt 56-199] Attempt to get parsing info during refresh. "On-the-fly" syntax checking information may be incorrect. [C:\Users\Kumar Lab\Desktop\Shannon\clock_test_ex\clock_test_ex.gen\sources_1\ip\clock_test\clock_test\example_design\clock_test_rx_startup_fsm.v:]
WARNING: [filemgmt 56-199] Attempt to get parsing info during refresh. "On-the-fly" syntax checking information may be incorrect. [C:\Users\Kumar Lab\Desktop\Shannon\clock_test_ex\clock_test_ex.gen\sources_1\ip\clock_test\clock_test\example_design\clock_test_gt_frame_check.v:]
WARNING: [filemgmt 56-199] Attempt to get parsing info during refresh. "On-the-fly" syntax checking information may be incorrect. [C:\Users\Kumar Lab\Desktop\Shannon\clock_test_ex\clock_test_ex.srcs\sources_1\new\qwn_exdes.v:]
WARNING: [filemgmt 56-199] Attempt to get parsing info during refresh. "On-the-fly" syntax checking information may be incorrect. [C:\Users\Kumar Lab\Desktop\Shannon\clock_test_ex\clock_test_ex.gen\sources_1\ip\clock_test\clock_test\example_design\clock_test_rx_startup_fsm.v:]
WARNING: [filemgmt 56-199] Attempt to get parsing info during refresh. "On-the-fly" syntax checking information may be incorrect. [C:\Users\Kumar Lab\Desktop\Shannon\clock_test_ex\clock_test_ex.gen\sources_1\ip\clock_test\clock_test\example_design\clock_test_gt_frame_check.v:]
WARNING: [filemgmt 56-199] Attempt to get parsing info during refresh. "On-the-fly" syntax checking information may be incorrect. [C:\Users\Kumar Lab\Desktop\Shannon\clock_test_ex\clock_test_ex.srcs\sources_1\new\qwn_exdes.v:]
WARNING: [filemgmt 56-199] Attempt to get parsing info during refresh. "On-the-fly" syntax checking information may be incorrect. [C:\Users\Kumar Lab\Desktop\Shannon\clock_test_ex\clock_test_ex.gen\sources_1\ip\clock_test\clock_test\example_design\clock_test_rx_startup_fsm.v:]
WARNING: [filemgmt 56-199] Attempt to get parsing info during refresh. "On-the-fly" syntax checking information may be incorrect. [C:\Users\Kumar Lab\Desktop\Shannon\clock_test_ex\clock_test_ex.gen\sources_1\ip\clock_test\clock_test\example_design\clock_test_gt_frame_check.v:]
WARNING: [filemgmt 56-199] Attempt to get parsing info during refresh. "On-the-fly" syntax checking information may be incorrect. [C:\Users\Kumar Lab\Desktop\Shannon\clock_test_ex\clock_test_ex.srcs\sources_1\new\qwn_exdes.v:]
WARNING: [filemgmt 56-199] Attempt to get parsing info during refresh. "On-the-fly" syntax checking information may be incorrect. [C:\Users\Kumar Lab\Desktop\Shannon\clock_test_ex\clock_test_ex.gen\sources_1\ip\clock_test\clock_test\example_design\clock_test_rx_startup_fsm.v:]
WARNING: [filemgmt 56-199] Attempt to get parsing info during refresh. "On-the-fly" syntax checking information may be incorrect. [C:\Users\Kumar Lab\Desktop\Shannon\clock_test_ex\clock_test_ex.gen\sources_1\ip\clock_test\clock_test\example_design\clock_test_gt_frame_check.v:]
WARNING: [filemgmt 56-199] Attempt to get parsing info during refresh. "On-the-fly" syntax checking information may be incorrect. [C:\Users\Kumar Lab\Desktop\Shannon\clock_test_ex\clock_test_ex.srcs\sources_1\new\qwn_exdes.v:]
WARNING: [filemgmt 56-199] Attempt to get parsing info during refresh. "On-the-fly" syntax checking information may be incorrect. [C:\Users\Kumar Lab\Desktop\Shannon\clock_test_ex\clock_test_ex.gen\sources_1\ip\clock_test\clock_test\example_design\clock_test_rx_startup_fsm.v:]
WARNING: [filemgmt 56-199] Attempt to get parsing info during refresh. "On-the-fly" syntax checking information may be incorrect. [C:\Users\Kumar Lab\Desktop\Shannon\clock_test_ex\clock_test_ex.gen\sources_1\ip\clock_test\clock_test\example_design\clock_test_rx_startup_fsm.v:]
WARNING: [filemgmt 56-199] Attempt to get parsing info during refresh. "On-the-fly" syntax checking information may be incorrect. [C:\Users\Kumar Lab\Desktop\Shannon\clock_test_ex\clock_test_ex.gen\sources_1\ip\clock_test\clock_test\example_design\clock_test_gt_frame_check.v:]
WARNING: [filemgmt 56-199] Attempt to get parsing info during refresh. "On-the-fly" syntax checking information may be incorrect. [C:\Users\Kumar Lab\Desktop\Shannon\clock_test_ex\clock_test_ex.srcs\sources_1\new\qwn_exdes.v:]
WARNING: [filemgmt 56-199] Attempt to get parsing info during refresh. "On-the-fly" syntax checking information may be incorrect. [C:\Users\Kumar Lab\Desktop\Shannon\clock_test_ex\clock_test_ex.gen\sources_1\ip\clock_test\clock_test\example_design\clock_test_rx_startup_fsm.v:]
WARNING: [filemgmt 56-199] Attempt to get parsing info during refresh. "On-the-fly" syntax checking information may be incorrect. [C:\Users\Kumar Lab\Desktop\Shannon\clock_test_ex\clock_test_ex.gen\sources_1\ip\clock_test\clock_test\example_design\clock_test_gt_frame_check.v:]
WARNING: [filemgmt 56-199] Attempt to get parsing info during refresh. "On-the-fly" syntax checking information may be incorrect. [C:\Users\Kumar Lab\Desktop\Shannon\clock_test_ex\clock_test_ex.srcs\sources_1\new\qwn_exdes.v:]
refresh_design
INFO: [Project 1-570] Preparing netlist for logic optimization
Parsing XDC File [c:/Users/Kumar Lab/Desktop/Shannon/clock_test_ex/clock_test_ex.gen/sources_1/ip/vio_0/vio_0.xdc] for cell 'u_qwn_vio'
Finished Parsing XDC File [c:/Users/Kumar Lab/Desktop/Shannon/clock_test_ex/clock_test_ex.gen/sources_1/ip/vio_0/vio_0.xdc] for cell 'u_qwn_vio'
Parsing XDC File [c:/Users/Kumar Lab/Desktop/Shannon/clock_test_ex/clock_test_ex.gen/sources_1/ip/clock_test/clock_test.xdc] for cell 'clock_test_support_i/clock_test_init_i/inst'
Finished Parsing XDC File [c:/Users/Kumar Lab/Desktop/Shannon/clock_test_ex/clock_test_ex.gen/sources_1/ip/clock_test/clock_test.xdc] for cell 'clock_test_support_i/clock_test_init_i/inst'
Parsing XDC File [C:/Users/Kumar Lab/Desktop/Shannon/clock_test_ex/clock_test_ex.gen/sources_1/ip/clock_test/clock_test/example_design/clock_test_exdes.xdc]
Finished Parsing XDC File [C:/Users/Kumar Lab/Desktop/Shannon/clock_test_ex/clock_test_ex.gen/sources_1/ip/clock_test/clock_test/example_design/clock_test_exdes.xdc]
Parsing XDC File [C:/Users/Kumar Lab/Desktop/Shannon/clock_test_ex/clock_test_ex.srcs/constrs_1/new/qwn_io_supp.xdc]
WARNING: [Vivado 12-584] No ports matched 'SFP1_TX_DISABLE'. [C:/Users/Kumar Lab/Desktop/Shannon/clock_test_ex/clock_test_ex.srcs/constrs_1/new/qwn_io_supp.xdc:52]
CRITICAL WARNING: [Common 17-55] 'set_property' expects at least one object. [C:/Users/Kumar Lab/Desktop/Shannon/clock_test_ex/clock_test_ex.srcs/constrs_1/new/qwn_io_supp.xdc:52]
Resolution: If [get_<value>] was used to populate the object, check to make sure this command returns at least one valid object.
WARNING: [Vivado 12-584] No ports matched 'SFP1_TX_DISABLE'. [C:/Users/Kumar Lab/Desktop/Shannon/clock_test_ex/clock_test_ex.srcs/constrs_1/new/qwn_io_supp.xdc:53]
CRITICAL WARNING: [Common 17-55] 'set_property' expects at least one object. [C:/Users/Kumar Lab/Desktop/Shannon/clock_test_ex/clock_test_ex.srcs/constrs_1/new/qwn_io_supp.xdc:53]
Resolution: If [get_<value>] was used to populate the object, check to make sure this command returns at least one valid object.
WARNING: [Vivado 12-584] No ports matched 'SFP1_RS0'. [C:/Users/Kumar Lab/Desktop/Shannon/clock_test_ex/clock_test_ex.srcs/constrs_1/new/qwn_io_supp.xdc:54]
CRITICAL WARNING: [Common 17-55] 'set_property' expects at least one object. [C:/Users/Kumar Lab/Desktop/Shannon/clock_test_ex/clock_test_ex.srcs/constrs_1/new/qwn_io_supp.xdc:54]
Resolution: If [get_<value>] was used to populate the object, check to make sure this command returns at least one valid object.
WARNING: [Vivado 12-584] No ports matched 'SFP1_RS0'. [C:/Users/Kumar Lab/Desktop/Shannon/clock_test_ex/clock_test_ex.srcs/constrs_1/new/qwn_io_supp.xdc:55]
CRITICAL WARNING: [Common 17-55] 'set_property' expects at least one object. [C:/Users/Kumar Lab/Desktop/Shannon/clock_test_ex/clock_test_ex.srcs/constrs_1/new/qwn_io_supp.xdc:55]
Resolution: If [get_<value>] was used to populate the object, check to make sure this command returns at least one valid object.
WARNING: [Vivado 12-584] No ports matched 'SFP1_RX_LOS'. [C:/Users/Kumar Lab/Desktop/Shannon/clock_test_ex/clock_test_ex.srcs/constrs_1/new/qwn_io_supp.xdc:56]
CRITICAL WARNING: [Common 17-55] 'set_property' expects at least one object. [C:/Users/Kumar Lab/Desktop/Shannon/clock_test_ex/clock_test_ex.srcs/constrs_1/new/qwn_io_supp.xdc:56]
Resolution: If [get_<value>] was used to populate the object, check to make sure this command returns at least one valid object.
WARNING: [Vivado 12-584] No ports matched 'SFP1_RX_LOS'. [C:/Users/Kumar Lab/Desktop/Shannon/clock_test_ex/clock_test_ex.srcs/constrs_1/new/qwn_io_supp.xdc:57]
CRITICAL WARNING: [Common 17-55] 'set_property' expects at least one object. [C:/Users/Kumar Lab/Desktop/Shannon/clock_test_ex/clock_test_ex.srcs/constrs_1/new/qwn_io_supp.xdc:57]
Resolution: If [get_<value>] was used to populate the object, check to make sure this command returns at least one valid object.
Finished Parsing XDC File [C:/Users/Kumar Lab/Desktop/Shannon/clock_test_ex/clock_test_ex.srcs/constrs_1/new/qwn_io_supp.xdc]
INFO: [Opt 31-138] Pushed 0 inverter(s) to 0 load pin(s).
close_design
WARNING: [filemgmt 56-199] Attempt to get parsing info during refresh. "On-the-fly" syntax checking information may be incorrect. [C:\Users\Kumar Lab\Desktop\Shannon\clock_test_ex\clock_test_ex.gen\sources_1\ip\clock_test\clock_test\example_design\clock_test_rx_startup_fsm.v:]
WARNING: [filemgmt 56-199] Attempt to get parsing info during refresh. "On-the-fly" syntax checking information may be incorrect. [C:\Users\Kumar Lab\Desktop\Shannon\clock_test_ex\clock_test_ex.gen\sources_1\ip\clock_test\clock_test\example_design\clock_test_gt_frame_check.v:]
WARNING: [filemgmt 56-199] Attempt to get parsing info during refresh. "On-the-fly" syntax checking information may be incorrect. [C:\Users\Kumar Lab\Desktop\Shannon\clock_test_ex\clock_test_ex.srcs\sources_1\new\qwn_exdes.v:]
WARNING: [filemgmt 56-199] Attempt to get parsing info during refresh. "On-the-fly" syntax checking information may be incorrect. [C:\Users\Kumar Lab\Desktop\Shannon\clock_test_ex\clock_test_ex.gen\sources_1\ip\clock_test\clock_test\example_design\clock_test_rx_startup_fsm.v:]
WARNING: [filemgmt 56-199] Attempt to get parsing info during refresh. "On-the-fly" syntax checking information may be incorrect. [C:\Users\Kumar Lab\Desktop\Shannon\clock_test_ex\clock_test_ex.gen\sources_1\ip\clock_test\clock_test\example_design\clock_test_gt_frame_check.v:]
WARNING: [filemgmt 56-199] Attempt to get parsing info during refresh. "On-the-fly" syntax checking information may be incorrect. [C:\Users\Kumar Lab\Desktop\Shannon\clock_test_ex\clock_test_ex.srcs\sources_1\new\qwn_exdes.v:]
WARNING: [filemgmt 56-199] Attempt to get parsing info during refresh. "On-the-fly" syntax checking information may be incorrect. [C:\Users\Kumar Lab\Desktop\Shannon\clock_test_ex\clock_test_ex.gen\sources_1\ip\clock_test\clock_test\example_design\clock_test_rx_startup_fsm.v:]
WARNING: [filemgmt 56-199] Attempt to get parsing info during refresh. "On-the-fly" syntax checking information may be incorrect. [C:\Users\Kumar Lab\Desktop\Shannon\clock_test_ex\clock_test_ex.gen\sources_1\ip\clock_test\clock_test\example_design\clock_test_gt_frame_check.v:]
WARNING: [filemgmt 56-199] Attempt to get parsing info during refresh. "On-the-fly" syntax checking information may be incorrect. [C:\Users\Kumar Lab\Desktop\Shannon\clock_test_ex\clock_test_ex.srcs\sources_1\new\qwn_exdes.v:]
WARNING: [filemgmt 56-199] Attempt to get parsing info during refresh. "On-the-fly" syntax checking information may be incorrect. [C:\Users\Kumar Lab\Desktop\Shannon\clock_test_ex\clock_test_ex.gen\sources_1\ip\clock_test\clock_test\example_design\clock_test_rx_startup_fsm.v:]
WARNING: [filemgmt 56-199] Attempt to get parsing info during refresh. "On-the-fly" syntax checking information may be incorrect. [C:\Users\Kumar Lab\Desktop\Shannon\clock_test_ex\clock_test_ex.gen\sources_1\ip\clock_test\clock_test\example_design\clock_test_gt_frame_check.v:]
WARNING: [filemgmt 56-199] Attempt to get parsing info during refresh. "On-the-fly" syntax checking information may be incorrect. [C:\Users\Kumar Lab\Desktop\Shannon\clock_test_ex\clock_test_ex.srcs\sources_1\new\qwn_exdes.v:]
WARNING: [Common 17-9] Error reading message records.
WARNING: [Common 17-9] Error reading message records.
WARNING: [Common 17-9] Error reading message records.
WARNING: [Common 17-9] Error reading message records.
WARNING: [Common 17-9] Error reading message records.
WARNING: [Common 17-9] Error reading message records.
WARNING: [Common 17-9] Error reading message records.
WARNING: [filemgmt 56-199] Attempt to get parsing info during refresh. "On-the-fly" syntax checking information may be incorrect. [C:\Users\Kumar Lab\Desktop\Shannon\clock_test_ex\clock_test_ex.gen\sources_1\ip\clock_test\clock_test\example_design\clock_test_rx_startup_fsm.v:]
WARNING: [filemgmt 56-199] Attempt to get parsing info during refresh. "On-the-fly" syntax checking information may be incorrect. [C:\Users\Kumar Lab\Desktop\Shannon\clock_test_ex\clock_test_ex.gen\sources_1\ip\clock_test\clock_test\example_design\clock_test_gt_frame_check.v:]
WARNING: [filemgmt 56-199] Attempt to get parsing info during refresh. "On-the-fly" syntax checking information may be incorrect. [C:\Users\Kumar Lab\Desktop\Shannon\clock_test_ex\clock_test_ex.srcs\sources_1\new\qwn_exdes.v:]
WARNING: [filemgmt 56-199] Attempt to get parsing info during refresh. "On-the-fly" syntax checking information may be incorrect. [C:\Users\Kumar Lab\Desktop\Shannon\clock_test_ex\clock_test_ex.gen\sources_1\ip\clock_test\clock_test\example_design\clock_test_rx_startup_fsm.v:]
WARNING: [filemgmt 56-199] Attempt to get parsing info during refresh. "On-the-fly" syntax checking information may be incorrect. [C:\Users\Kumar Lab\Desktop\Shannon\clock_test_ex\clock_test_ex.gen\sources_1\ip\clock_test\clock_test\example_design\clock_test_gt_frame_check.v:]
WARNING: [filemgmt 56-199] Attempt to get parsing info during refresh. "On-the-fly" syntax checking information may be incorrect. [C:\Users\Kumar Lab\Desktop\Shannon\clock_test_ex\clock_test_ex.srcs\sources_1\new\qwn_exdes.v:]
WARNING: [filemgmt 56-199] Attempt to get parsing info during refresh. "On-the-fly" syntax checking information may be incorrect. [C:\Users\Kumar Lab\Desktop\Shannon\clock_test_ex\clock_test_ex.gen\sources_1\ip\clock_test\clock_test\example_design\clock_test_rx_startup_fsm.v:]
WARNING: [filemgmt 56-199] Attempt to get parsing info during refresh. "On-the-fly" syntax checking information may be incorrect. [C:\Users\Kumar Lab\Desktop\Shannon\clock_test_ex\clock_test_ex.gen\sources_1\ip\clock_test\clock_test\example_design\clock_test_gt_frame_check.v:]
WARNING: [filemgmt 56-199] Attempt to get parsing info during refresh. "On-the-fly" syntax checking information may be incorrect. [C:\Users\Kumar Lab\Desktop\Shannon\clock_test_ex\clock_test_ex.srcs\sources_1\new\qwn_exdes.v:]
WARNING: [filemgmt 56-199] Attempt to get parsing info during refresh. "On-the-fly" syntax checking information may be incorrect. [C:\Users\Kumar Lab\Desktop\Shannon\clock_test_ex\clock_test_ex.gen\sources_1\ip\clock_test\clock_test\example_design\clock_test_rx_startup_fsm.v:]
WARNING: [filemgmt 56-199] Attempt to get parsing info during refresh. "On-the-fly" syntax checking information may be incorrect. [C:\Users\Kumar Lab\Desktop\Shannon\clock_test_ex\clock_test_ex.gen\sources_1\ip\clock_test\clock_test\example_design\clock_test_gt_frame_check.v:]
WARNING: [filemgmt 56-199] Attempt to get parsing info during refresh. "On-the-fly" syntax checking information may be incorrect. [C:\Users\Kumar Lab\Desktop\Shannon\clock_test_ex\clock_test_ex.srcs\sources_1\new\qwn_exdes.v:]
WARNING: [Common 17-9] Error reading message records.
open_hw_manager
connect_hw_server -allow_non_jtag
INFO: [Labtools 27-2285] Connecting to hw_server url TCP:localhost:3121
INFO: [Labtools 27-3415] Connecting to cs_server url TCP:localhost:0
INFO: [Labtools 27-3417] Launching cs_server...
INFO: [Labtools 27-2221] Launch Output:
ECHO is off.
ECHO is off.


******** Xilinx cs_server v2023.2.0
  ****** Build date   : Oct 09 2023-23:01:56
    **** Build number : 2023.2.1696910516
      ** Copyright 2017-2022 Xilinx, Inc. All Rights Reserved.
      ** Copyright 2022-2026 Advanced Micro Devices, Inc. All Rights Reserved.



open_hw_target
INFO: [Labtoolstcl 44-466] Opening hw_target localhost:3121/xilinx_tcf/Digilent/210203B707C6A
set_property PROGRAM.FILE {C:/Users/Kumar Lab/Desktop/Shannon/clock_test_ex/clock_test_ex.runs/impl_1/clock_test_exdes.bit} [get_hw_devices xc7vx690t_0]
set_property PROBES.FILE {C:/Users/Kumar Lab/Desktop/Shannon/clock_test_ex/clock_test_ex.runs/impl_1/clock_test_exdes.ltx} [get_hw_devices xc7vx690t_0]
set_property FULL_PROBES.FILE {C:/Users/Kumar Lab/Desktop/Shannon/clock_test_ex/clock_test_ex.runs/impl_1/clock_test_exdes.ltx} [get_hw_devices xc7vx690t_0]
current_hw_device [get_hw_devices xc7vx690t_0]
refresh_hw_device [lindex [get_hw_devices xc7vx690t_0] 0]
INFO: [Labtools 27-2302] Device xc7vx690t (JTAG device index = 0) is programmed with a design that has 1 VIO core(s).
WARNING: [Labtools 27-1973] Mismatch between the design programmed into the device xc7vx690t (JTAG device index = 0) and the probes file(s) C:/Users/Kumar Lab/Desktop/Shannon/clock_test_ex/clock_test_ex.runs/impl_1/clock_test_exdes.ltx.
 The device core at location uuid_1373EDE7BDE755BEA904B91480C49F5A, has 16 VIO input port(s), but the core in the probes file(s) have 25 VIO input port(s).
Resolution: 
1. Reprogram device with the correct programming file and associated probes file(s) OR
2. Goto device properties and associate the correct probes file(s) with the programming file already programmed in the device.
close_hw_target {localhost:3121/xilinx_tcf/Digilent/210203B707C6A}
INFO: [Labtoolstcl 44-464] Closing hw_target localhost:3121/xilinx_tcf/Digilent/210203B707C6A
open_hw_target {localhost:3121/xilinx_tcf/Digilent/210203B32C16A}
INFO: [Labtoolstcl 44-466] Opening hw_target localhost:3121/xilinx_tcf/Digilent/210203B32C16A
set_property PROGRAM.FILE {C:/Users/Kumar Lab/Desktop/Shannon/clock_test_ex/clock_test_ex.runs/impl_1/clock_test_exdes.bit} [get_hw_devices xc7vx690t_0_1]
set_property PROBES.FILE {C:/Users/Kumar Lab/Desktop/Shannon/clock_test_ex/clock_test_ex.runs/impl_1/clock_test_exdes.ltx} [get_hw_devices xc7vx690t_0_1]
set_property FULL_PROBES.FILE {C:/Users/Kumar Lab/Desktop/Shannon/clock_test_ex/clock_test_ex.runs/impl_1/clock_test_exdes.ltx} [get_hw_devices xc7vx690t_0_1]
current_hw_device [get_hw_devices xc7vx690t_0_1]
refresh_hw_device [lindex [get_hw_devices xc7vx690t_0_1] 0]
INFO: [Labtools 27-2302] Device xc7vx690t (JTAG device index = 0) is programmed with a design that has 1 VIO core(s).
INFO: [Labtools 27-1889] Uploading output probe values for VIO core [hw_vio_1]
set_property OUTPUT_VALUE 1 [get_hw_probes soft_reset_i -of_objects [get_hw_vios -of_objects [get_hw_devices xc7vx690t_0_1] -filter {CELL_NAME=~"u_qwn_vio"}]]
commit_hw_vio [get_hw_probes {soft_reset_i} -of_objects [get_hw_vios -of_objects [get_hw_devices xc7vx690t_0_1] -filter {CELL_NAME=~"u_qwn_vio"}]]
set_property OUTPUT_VALUE 0 [get_hw_probes soft_reset_i -of_objects [get_hw_vios -of_objects [get_hw_devices xc7vx690t_0_1] -filter {CELL_NAME=~"u_qwn_vio"}]]
commit_hw_vio [get_hw_probes {soft_reset_i} -of_objects [get_hw_vios -of_objects [get_hw_devices xc7vx690t_0_1] -filter {CELL_NAME=~"u_qwn_vio"}]]
set_property OUTPUT_VALUE 1 [get_hw_probes soft_reset_i -of_objects [get_hw_vios -of_objects [get_hw_devices xc7vx690t_0_1] -filter {CELL_NAME=~"u_qwn_vio"}]]
commit_hw_vio [get_hw_probes {soft_reset_i} -of_objects [get_hw_vios -of_objects [get_hw_devices xc7vx690t_0_1] -filter {CELL_NAME=~"u_qwn_vio"}]]
set_property OUTPUT_VALUE 0 [get_hw_probes soft_reset_i -of_objects [get_hw_vios -of_objects [get_hw_devices xc7vx690t_0_1] -filter {CELL_NAME=~"u_qwn_vio"}]]
commit_hw_vio [get_hw_probes {soft_reset_i} -of_objects [get_hw_vios -of_objects [get_hw_devices xc7vx690t_0_1] -filter {CELL_NAME=~"u_qwn_vio"}]]
set_property OUTPUT_VALUE 1 [get_hw_probes soft_reset_i -of_objects [get_hw_vios -of_objects [get_hw_devices xc7vx690t_0_1] -filter {CELL_NAME=~"u_qwn_vio"}]]
commit_hw_vio [get_hw_probes {soft_reset_i} -of_objects [get_hw_vios -of_objects [get_hw_devices xc7vx690t_0_1] -filter {CELL_NAME=~"u_qwn_vio"}]]
set_property OUTPUT_VALUE 0 [get_hw_probes soft_reset_i -of_objects [get_hw_vios -of_objects [get_hw_devices xc7vx690t_0_1] -filter {CELL_NAME=~"u_qwn_vio"}]]
commit_hw_vio [get_hw_probes {soft_reset_i} -of_objects [get_hw_vios -of_objects [get_hw_devices xc7vx690t_0_1] -filter {CELL_NAME=~"u_qwn_vio"}]]
set_property PROBES.FILE {C:/Users/Kumar Lab/Desktop/Shannon/clock_test_ex/clock_test_ex.runs/impl_1/clock_test_exdes.ltx} [get_hw_devices xc7vx690t_0_1]
set_property FULL_PROBES.FILE {C:/Users/Kumar Lab/Desktop/Shannon/clock_test_ex/clock_test_ex.runs/impl_1/clock_test_exdes.ltx} [get_hw_devices xc7vx690t_0_1]
set_property PROGRAM.FILE {C:/Users/Kumar Lab/Desktop/Shannon/clock_test_ex/clock_test_ex.runs/impl_1/clock_test_exdes.bit} [get_hw_devices xc7vx690t_0_1]
program_hw_devices [get_hw_devices xc7vx690t_0_1]
INFO: [Labtools 27-3164] End of startup status: HIGH
program_hw_devices: Time (s): cpu = 00:00:07 ; elapsed = 00:00:17 . Memory (MB): peak = 4003.227 ; gain = 0.000
refresh_hw_device [lindex [get_hw_devices xc7vx690t_0_1] 0]
INFO: [Labtools 27-2302] Device xc7vx690t (JTAG device index = 0) is programmed with a design that has 1 VIO core(s).
refresh_hw_vio -update_output_values [get_hw_vios -of_objects [get_hw_devices xc7vx690t_0_1] -filter {CELL_NAME=~"u_qwn_vio"}]
set_property OUTPUT_VALUE 1 [get_hw_probes soft_reset_i -of_objects [get_hw_vios -of_objects [get_hw_devices xc7vx690t_0_1] -filter {CELL_NAME=~"u_qwn_vio"}]]
commit_hw_vio [get_hw_probes {soft_reset_i} -of_objects [get_hw_vios -of_objects [get_hw_devices xc7vx690t_0_1] -filter {CELL_NAME=~"u_qwn_vio"}]]
set_property OUTPUT_VALUE 0 [get_hw_probes soft_reset_i -of_objects [get_hw_vios -of_objects [get_hw_devices xc7vx690t_0_1] -filter {CELL_NAME=~"u_qwn_vio"}]]
commit_hw_vio [get_hw_probes {soft_reset_i} -of_objects [get_hw_vios -of_objects [get_hw_devices xc7vx690t_0_1] -filter {CELL_NAME=~"u_qwn_vio"}]]
ERROR: [Xicom 50-38] xicom: Unable to connect to debug core(s) on the target device. Check cable connectivity and that the target board is powered up then use the disconnect_hw_server and connect_hw_server to re-initialize the hardware target. Use open_hw_target to re-register the hardware device.
ERROR: [Xicom 50-38] xicom: Unable to connect to debug core(s) on the target device. Check cable connectivity and that the target board is powered up then use the disconnect_hw_server and connect_hw_server to re-initialize the hardware target. Use open_hw_target to re-register the hardware device.
ERROR: [Xicom 50-38] xicom: Unable to connect to debug core(s) on the target device. Check cable connectivity and that the target board is powered up then use the disconnect_hw_server and connect_hw_server to re-initialize the hardware target. Use open_hw_target to re-register the hardware device.
ERROR: [Xicom 50-38] xicom: Unable to connect to debug core(s) on the target device. Check cable connectivity and that the target board is powered up then use the disconnect_hw_server and connect_hw_server to re-initialize the hardware target. Use open_hw_target to re-register the hardware device.
ERROR: [Xicom 50-38] xicom: Unable to connect to debug core(s) on the target device. Check cable connectivity and that the target board is powered up then use the disconnect_hw_server and connect_hw_server to re-initialize the hardware target. Use open_hw_target to re-register the hardware device.
ERROR: [Xicom 50-38] xicom: Unable to connect to debug core(s) on the target device. Check cable connectivity and that the target board is powered up then use the disconnect_hw_server and connect_hw_server to re-initialize the hardware target. Use open_hw_target to re-register the hardware device.
ERROR: [Xicom 50-38] xicom: Unable to connect to debug core(s) on the target device. Check cable connectivity and that the target board is powered up then use the disconnect_hw_server and connect_hw_server to re-initialize the hardware target. Use open_hw_target to re-register the hardware device.
ERROR: [Xicom 50-38] xicom: Unable to connect to debug core(s) on the target device. Check cable connectivity and that the target board is powered up then use the disconnect_hw_server and connect_hw_server to re-initialize the hardware target. Use open_hw_target to re-register the hardware device.
ERROR: [Xicom 50-38] xicom: Unable to connect to debug core(s) on the target device. Check cable connectivity and that the target board is powered up then use the disconnect_hw_server and connect_hw_server to re-initialize the hardware target. Use open_hw_target to re-register the hardware device.
ERROR: [Xicom 50-38] xicom: Unable to connect to debug core(s) on the target device. Check cable connectivity and that the target board is powered up then use the disconnect_hw_server and connect_hw_server to re-initialize the hardware target. Use open_hw_target to re-register the hardware device.
ERROR: [Xicom 50-38] xicom: Unable to connect to debug core(s) on the target device. Check cable connectivity and that the target board is powered up then use the disconnect_hw_server and connect_hw_server to re-initialize the hardware target. Use open_hw_target to re-register the hardware device.
ERROR: [Xicom 50-38] xicom: Unable to connect to debug core(s) on the target device. Check cable connectivity and that the target board is powered up then use the disconnect_hw_server and connect_hw_server to re-initialize the hardware target. Use open_hw_target to re-register the hardware device.
ERROR: [Xicom 50-38] xicom: Unable to connect to debug core(s) on the target device. Check cable connectivity and that the target board is powered up then use the disconnect_hw_server and connect_hw_server to re-initialize the hardware target. Use open_hw_target to re-register the hardware device.
ERROR: [Xicom 50-38] xicom: Unable to connect to debug core(s) on the target device. Check cable connectivity and that the target board is powered up then use the disconnect_hw_server and connect_hw_server to re-initialize the hardware target. Use open_hw_target to re-register the hardware device.
ERROR: [Xicom 50-38] xicom: Unable to connect to debug core(s) on the target device. Check cable connectivity and that the target board is powered up then use the disconnect_hw_server and connect_hw_server to re-initialize the hardware target. Use open_hw_target to re-register the hardware device.
ERROR: [Xicom 50-38] xicom: Unable to connect to debug core(s) on the target device. Check cable connectivity and that the target board is powered up then use the disconnect_hw_server and connect_hw_server to re-initialize the hardware target. Use open_hw_target to re-register the hardware device.
ERROR: [Xicom 50-38] xicom: Unable to connect to debug core(s) on the target device. Check cable connectivity and that the target board is powered up then use the disconnect_hw_server and connect_hw_server to re-initialize the hardware target. Use open_hw_target to re-register the hardware device.
ERROR: [Xicom 50-38] xicom: Unable to connect to debug core(s) on the target device. Check cable connectivity and that the target board is powered up then use the disconnect_hw_server and connect_hw_server to re-initialize the hardware target. Use open_hw_target to re-register the hardware device.
ERROR: [Xicom 50-38] xicom: Unable to connect to debug core(s) on the target device. Check cable connectivity and that the target board is powered up then use the disconnect_hw_server and connect_hw_server to re-initialize the hardware target. Use open_hw_target to re-register the hardware device.
ERROR: [Xicom 50-38] xicom: Unable to connect to debug core(s) on the target device. Check cable connectivity and that the target board is powered up then use the disconnect_hw_server and connect_hw_server to re-initialize the hardware target. Use open_hw_target to re-register the hardware device.
ERROR: [Xicom 50-38] xicom: Unable to connect to debug core(s) on the target device. Check cable connectivity and that the target board is powered up then use the disconnect_hw_server and connect_hw_server to re-initialize the hardware target. Use open_hw_target to re-register the hardware device.
ERROR: [Xicom 50-38] xicom: Unable to connect to debug core(s) on the target device. Check cable connectivity and that the target board is powered up then use the disconnect_hw_server and connect_hw_server to re-initialize the hardware target. Use open_hw_target to re-register the hardware device.
ERROR: [Xicom 50-38] xicom: Unable to connect to debug core(s) on the target device. Check cable connectivity and that the target board is powered up then use the disconnect_hw_server and connect_hw_server to re-initialize the hardware target. Use open_hw_target to re-register the hardware device.
ERROR: [Xicom 50-38] xicom: Unable to connect to debug core(s) on the target device. Check cable connectivity and that the target board is powered up then use the disconnect_hw_server and connect_hw_server to re-initialize the hardware target. Use open_hw_target to re-register the hardware device.
ERROR: [Xicom 50-38] xicom: Unable to connect to debug core(s) on the target device. Check cable connectivity and that the target board is powered up then use the disconnect_hw_server and connect_hw_server to re-initialize the hardware target. Use open_hw_target to re-register the hardware device.
ERROR: [Xicom 50-38] xicom: Unable to connect to debug core(s) on the target device. Check cable connectivity and that the target board is powered up then use the disconnect_hw_server and connect_hw_server to re-initialize the hardware target. Use open_hw_target to re-register the hardware device.
ERROR: [Xicom 50-38] xicom: Unable to connect to debug core(s) on the target device. Check cable connectivity and that the target board is powered up then use the disconnect_hw_server and connect_hw_server to re-initialize the hardware target. Use open_hw_target to re-register the hardware device.
ERROR: [Xicom 50-38] xicom: Unable to connect to debug core(s) on the target device. Check cable connectivity and that the target board is powered up then use the disconnect_hw_server and connect_hw_server to re-initialize the hardware target. Use open_hw_target to re-register the hardware device.
ERROR: [Xicom 50-38] xicom: Unable to connect to debug core(s) on the target device. Check cable connectivity and that the target board is powered up then use the disconnect_hw_server and connect_hw_server to re-initialize the hardware target. Use open_hw_target to re-register the hardware device.
ERROR: [Xicom 50-38] xicom: Unable to connect to debug core(s) on the target device. Check cable connectivity and that the target board is powered up then use the disconnect_hw_server and connect_hw_server to re-initialize the hardware target. Use open_hw_target to re-register the hardware device.
ERROR: [Xicom 50-38] xicom: Unable to connect to debug core(s) on the target device. Check cable connectivity and that the target board is powered up then use the disconnect_hw_server and connect_hw_server to re-initialize the hardware target. Use open_hw_target to re-register the hardware device.
ERROR: [Xicom 50-38] xicom: Unable to connect to debug core(s) on the target device. Check cable connectivity and that the target board is powered up then use the disconnect_hw_server and connect_hw_server to re-initialize the hardware target. Use open_hw_target to re-register the hardware device.
ERROR: [Xicom 50-38] xicom: Unable to connect to debug core(s) on the target device. Check cable connectivity and that the target board is powered up then use the disconnect_hw_server and connect_hw_server to re-initialize the hardware target. Use open_hw_target to re-register the hardware device.
ERROR: [Xicom 50-38] xicom: Unable to connect to debug core(s) on the target device. Check cable connectivity and that the target board is powered up then use the disconnect_hw_server and connect_hw_server to re-initialize the hardware target. Use open_hw_target to re-register the hardware device.
ERROR: [Xicom 50-38] xicom: Unable to connect to debug core(s) on the target device. Check cable connectivity and that the target board is powered up then use the disconnect_hw_server and connect_hw_server to re-initialize the hardware target. Use open_hw_target to re-register the hardware device.
ERROR: [Xicom 50-38] xicom: Unable to connect to debug core(s) on the target device. Check cable connectivity and that the target board is powered up then use the disconnect_hw_server and connect_hw_server to re-initialize the hardware target. Use open_hw_target to re-register the hardware device.
ERROR: [Xicom 50-38] xicom: Unable to connect to debug core(s) on the target device. Check cable connectivity and that the target board is powered up then use the disconnect_hw_server and connect_hw_server to re-initialize the hardware target. Use open_hw_target to re-register the hardware device.
ERROR: [Xicom 50-38] xicom: Unable to connect to debug core(s) on the target device. Check cable connectivity and that the target board is powered up then use the disconnect_hw_server and connect_hw_server to re-initialize the hardware target. Use open_hw_target to re-register the hardware device.
ERROR: [Xicom 50-38] xicom: Unable to connect to debug core(s) on the target device. Check cable connectivity and that the target board is powered up then use the disconnect_hw_server and connect_hw_server to re-initialize the hardware target. Use open_hw_target to re-register the hardware device.
ERROR: [Xicom 50-38] xicom: Unable to connect to debug core(s) on the target device. Check cable connectivity and that the target board is powered up then use the disconnect_hw_server and connect_hw_server to re-initialize the hardware target. Use open_hw_target to re-register the hardware device.
ERROR: [Xicom 50-38] xicom: Unable to connect to debug core(s) on the target device. Check cable connectivity and that the target board is powered up then use the disconnect_hw_server and connect_hw_server to re-initialize the hardware target. Use open_hw_target to re-register the hardware device.
ERROR: [Xicom 50-38] xicom: Unable to connect to debug core(s) on the target device. Check cable connectivity and that the target board is powered up then use the disconnect_hw_server and connect_hw_server to re-initialize the hardware target. Use open_hw_target to re-register the hardware device.
ERROR: [Xicom 50-38] xicom: Unable to connect to debug core(s) on the target device. Check cable connectivity and that the target board is powered up then use the disconnect_hw_server and connect_hw_server to re-initialize the hardware target. Use open_hw_target to re-register the hardware device.
ERROR: [Xicom 50-38] xicom: Unable to connect to debug core(s) on the target device. Check cable connectivity and that the target board is powered up then use the disconnect_hw_server and connect_hw_server to re-initialize the hardware target. Use open_hw_target to re-register the hardware device.
ERROR: [Xicom 50-38] xicom: Unable to connect to debug core(s) on the target device. Check cable connectivity and that the target board is powered up then use the disconnect_hw_server and connect_hw_server to re-initialize the hardware target. Use open_hw_target to re-register the hardware device.
ERROR: [Xicom 50-38] xicom: Unable to connect to debug core(s) on the target device. Check cable connectivity and that the target board is powered up then use the disconnect_hw_server and connect_hw_server to re-initialize the hardware target. Use open_hw_target to re-register the hardware device.
ERROR: [Xicom 50-38] xicom: Unable to connect to debug core(s) on the target device. Check cable connectivity and that the target board is powered up then use the disconnect_hw_server and connect_hw_server to re-initialize the hardware target. Use open_hw_target to re-register the hardware device.
ERROR: [Xicom 50-38] xicom: Unable to connect to debug core(s) on the target device. Check cable connectivity and that the target board is powered up then use the disconnect_hw_server and connect_hw_server to re-initialize the hardware target. Use open_hw_target to re-register the hardware device.
ERROR: [Xicom 50-38] xicom: Unable to connect to debug core(s) on the target device. Check cable connectivity and that the target board is powered up then use the disconnect_hw_server and connect_hw_server to re-initialize the hardware target. Use open_hw_target to re-register the hardware device.
ERROR: [Xicom 50-38] xicom: Unable to connect to debug core(s) on the target device. Check cable connectivity and that the target board is powered up then use the disconnect_hw_server and connect_hw_server to re-initialize the hardware target. Use open_hw_target to re-register the hardware device.
ERROR: [Xicom 50-38] xicom: Unable to connect to debug core(s) on the target device. Check cable connectivity and that the target board is powered up then use the disconnect_hw_server and connect_hw_server to re-initialize the hardware target. Use open_hw_target to re-register the hardware device.
ERROR: [Xicom 50-38] xicom: Unable to connect to debug core(s) on the target device. Check cable connectivity and that the target board is powered up then use the disconnect_hw_server and connect_hw_server to re-initialize the hardware target. Use open_hw_target to re-register the hardware device.
ERROR: [Xicom 50-38] xicom: Unable to connect to debug core(s) on the target device. Check cable connectivity and that the target board is powered up then use the disconnect_hw_server and connect_hw_server to re-initialize the hardware target. Use open_hw_target to re-register the hardware device.
ERROR: [Xicom 50-38] xicom: Unable to connect to debug core(s) on the target device. Check cable connectivity and that the target board is powered up then use the disconnect_hw_server and connect_hw_server to re-initialize the hardware target. Use open_hw_target to re-register the hardware device.
ERROR: [Xicom 50-38] xicom: Unable to connect to debug core(s) on the target device. Check cable connectivity and that the target board is powered up then use the disconnect_hw_server and connect_hw_server to re-initialize the hardware target. Use open_hw_target to re-register the hardware device.
ERROR: [Xicom 50-38] xicom: Unable to connect to debug core(s) on the target device. Check cable connectivity and that the target board is powered up then use the disconnect_hw_server and connect_hw_server to re-initialize the hardware target. Use open_hw_target to re-register the hardware device.
ERROR: [Xicom 50-38] xicom: Unable to connect to debug core(s) on the target device. Check cable connectivity and that the target board is powered up then use the disconnect_hw_server and connect_hw_server to re-initialize the hardware target. Use open_hw_target to re-register the hardware device.
ERROR: [Xicom 50-38] xicom: Unable to connect to debug core(s) on the target device. Check cable connectivity and that the target board is powered up then use the disconnect_hw_server and connect_hw_server to re-initialize the hardware target. Use open_hw_target to re-register the hardware device.
ERROR: [Xicom 50-38] xicom: Unable to connect to debug core(s) on the target device. Check cable connectivity and that the target board is powered up then use the disconnect_hw_server and connect_hw_server to re-initialize the hardware target. Use open_hw_target to re-register the hardware device.
ERROR: [Xicom 50-38] xicom: Unable to connect to debug core(s) on the target device. Check cable connectivity and that the target board is powered up then use the disconnect_hw_server and connect_hw_server to re-initialize the hardware target. Use open_hw_target to re-register the hardware device.
ERROR: [Xicom 50-38] xicom: Unable to connect to debug core(s) on the target device. Check cable connectivity and that the target board is powered up then use the disconnect_hw_server and connect_hw_server to re-initialize the hardware target. Use open_hw_target to re-register the hardware device.
ERROR: [Xicom 50-38] xicom: Unable to connect to debug core(s) on the target device. Check cable connectivity and that the target board is powered up then use the disconnect_hw_server and connect_hw_server to re-initialize the hardware target. Use open_hw_target to re-register the hardware device.
ERROR: [Xicom 50-38] xicom: Unable to connect to debug core(s) on the target device. Check cable connectivity and that the target board is powered up then use the disconnect_hw_server and connect_hw_server to re-initialize the hardware target. Use open_hw_target to re-register the hardware device.
ERROR: [Xicom 50-38] xicom: Unable to connect to debug core(s) on the target device. Check cable connectivity and that the target board is powered up then use the disconnect_hw_server and connect_hw_server to re-initialize the hardware target. Use open_hw_target to re-register the hardware device.
ERROR: [Xicom 50-38] xicom: Unable to connect to debug core(s) on the target device. Check cable connectivity and that the target board is powered up then use the disconnect_hw_server and connect_hw_server to re-initialize the hardware target. Use open_hw_target to re-register the hardware device.
ERROR: [Xicom 50-38] xicom: Unable to connect to debug core(s) on the target device. Check cable connectivity and that the target board is powered up then use the disconnect_hw_server and connect_hw_server to re-initialize the hardware target. Use open_hw_target to re-register the hardware device.
ERROR: [Xicom 50-38] xicom: Unable to connect to debug core(s) on the target device. Check cable connectivity and that the target board is powered up then use the disconnect_hw_server and connect_hw_server to re-initialize the hardware target. Use open_hw_target to re-register the hardware device.
ERROR: [Xicom 50-38] xicom: Unable to connect to debug core(s) on the target device. Check cable connectivity and that the target board is powered up then use the disconnect_hw_server and connect_hw_server to re-initialize the hardware target. Use open_hw_target to re-register the hardware device.
ERROR: [Xicom 50-38] xicom: Unable to connect to debug core(s) on the target device. Check cable connectivity and that the target board is powered up then use the disconnect_hw_server and connect_hw_server to re-initialize the hardware target. Use open_hw_target to re-register the hardware device.
ERROR: [Xicom 50-38] xicom: Unable to connect to debug core(s) on the target device. Check cable connectivity and that the target board is powered up then use the disconnect_hw_server and connect_hw_server to re-initialize the hardware target. Use open_hw_target to re-register the hardware device.
ERROR: [Xicom 50-38] xicom: Unable to connect to debug core(s) on the target device. Check cable connectivity and that the target board is powered up then use the disconnect_hw_server and connect_hw_server to re-initialize the hardware target. Use open_hw_target to re-register the hardware device.
ERROR: [Xicom 50-38] xicom: Unable to connect to debug core(s) on the target device. Check cable connectivity and that the target board is powered up then use the disconnect_hw_server and connect_hw_server to re-initialize the hardware target. Use open_hw_target to re-register the hardware device.
ERROR: [Xicom 50-38] xicom: Unable to connect to debug core(s) on the target device. Check cable connectivity and that the target board is powered up then use the disconnect_hw_server and connect_hw_server to re-initialize the hardware target. Use open_hw_target to re-register the hardware device.
ERROR: [Xicom 50-38] xicom: Unable to connect to debug core(s) on the target device. Check cable connectivity and that the target board is powered up then use the disconnect_hw_server and connect_hw_server to re-initialize the hardware target. Use open_hw_target to re-register the hardware device.
ERROR: [Xicom 50-38] xicom: Unable to connect to debug core(s) on the target device. Check cable connectivity and that the target board is powered up then use the disconnect_hw_server and connect_hw_server to re-initialize the hardware target. Use open_hw_target to re-register the hardware device.
ERROR: [Xicom 50-38] xicom: Unable to connect to debug core(s) on the target device. Check cable connectivity and that the target board is powered up then use the disconnect_hw_server and connect_hw_server to re-initialize the hardware target. Use open_hw_target to re-register the hardware device.
ERROR: [Xicom 50-38] xicom: Unable to connect to debug core(s) on the target device. Check cable connectivity and that the target board is powered up then use the disconnect_hw_server and connect_hw_server to re-initialize the hardware target. Use open_hw_target to re-register the hardware device.
ERROR: [Xicom 50-38] xicom: Unable to connect to debug core(s) on the target device. Check cable connectivity and that the target board is powered up then use the disconnect_hw_server and connect_hw_server to re-initialize the hardware target. Use open_hw_target to re-register the hardware device.
ERROR: [Xicom 50-38] xicom: Unable to connect to debug core(s) on the target device. Check cable connectivity and that the target board is powered up then use the disconnect_hw_server and connect_hw_server to re-initialize the hardware target. Use open_hw_target to re-register the hardware device.
ERROR: [Xicom 50-38] xicom: Unable to connect to debug core(s) on the target device. Check cable connectivity and that the target board is powered up then use the disconnect_hw_server and connect_hw_server to re-initialize the hardware target. Use open_hw_target to re-register the hardware device.
ERROR: [Xicom 50-38] xicom: Unable to connect to debug core(s) on the target device. Check cable connectivity and that the target board is powered up then use the disconnect_hw_server and connect_hw_server to re-initialize the hardware target. Use open_hw_target to re-register the hardware device.
ERROR: [Xicom 50-38] xicom: Unable to connect to debug core(s) on the target device. Check cable connectivity and that the target board is powered up then use the disconnect_hw_server and connect_hw_server to re-initialize the hardware target. Use open_hw_target to re-register the hardware device.
ERROR: [Xicom 50-38] xicom: Unable to connect to debug core(s) on the target device. Check cable connectivity and that the target board is powered up then use the disconnect_hw_server and connect_hw_server to re-initialize the hardware target. Use open_hw_target to re-register the hardware device.
ERROR: [Xicom 50-38] xicom: Unable to connect to debug core(s) on the target device. Check cable connectivity and that the target board is powered up then use the disconnect_hw_server and connect_hw_server to re-initialize the hardware target. Use open_hw_target to re-register the hardware device.
ERROR: [Xicom 50-38] xicom: Unable to connect to debug core(s) on the target device. Check cable connectivity and that the target board is powered up then use the disconnect_hw_server and connect_hw_server to re-initialize the hardware target. Use open_hw_target to re-register the hardware device.
ERROR: [Xicom 50-38] xicom: Unable to connect to debug core(s) on the target device. Check cable connectivity and that the target board is powered up then use the disconnect_hw_server and connect_hw_server to re-initialize the hardware target. Use open_hw_target to re-register the hardware device.
ERROR: [Xicom 50-38] xicom: Unable to connect to debug core(s) on the target device. Check cable connectivity and that the target board is powered up then use the disconnect_hw_server and connect_hw_server to re-initialize the hardware target. Use open_hw_target to re-register the hardware device.
ERROR: [Xicom 50-38] xicom: Unable to connect to debug core(s) on the target device. Check cable connectivity and that the target board is powered up then use the disconnect_hw_server and connect_hw_server to re-initialize the hardware target. Use open_hw_target to re-register the hardware device.
ERROR: [Xicom 50-38] xicom: Unable to connect to debug core(s) on the target device. Check cable connectivity and that the target board is powered up then use the disconnect_hw_server and connect_hw_server to re-initialize the hardware target. Use open_hw_target to re-register the hardware device.
ERROR: [Xicom 50-38] xicom: Unable to connect to debug core(s) on the target device. Check cable connectivity and that the target board is powered up then use the disconnect_hw_server and connect_hw_server to re-initialize the hardware target. Use open_hw_target to re-register the hardware device.
ERROR: [Xicom 50-38] xicom: Unable to connect to debug core(s) on the target device. Check cable connectivity and that the target board is powered up then use the disconnect_hw_server and connect_hw_server to re-initialize the hardware target. Use open_hw_target to re-register the hardware device.
ERROR: [Xicom 50-38] xicom: Unable to connect to debug core(s) on the target device. Check cable connectivity and that the target board is powered up then use the disconnect_hw_server and connect_hw_server to re-initialize the hardware target. Use open_hw_target to re-register the hardware device.
ERROR: [Xicom 50-38] xicom: Unable to connect to debug core(s) on the target device. Check cable connectivity and that the target board is powered up then use the disconnect_hw_server and connect_hw_server to re-initialize the hardware target. Use open_hw_target to re-register the hardware device.
ERROR: [Xicom 50-38] xicom: Unable to connect to debug core(s) on the target device. Check cable connectivity and that the target board is powered up then use the disconnect_hw_server and connect_hw_server to re-initialize the hardware target. Use open_hw_target to re-register the hardware device.
ERROR: [Xicom 50-38] xicom: Unable to connect to debug core(s) on the target device. Check cable connectivity and that the target board is powered up then use the disconnect_hw_server and connect_hw_server to re-initialize the hardware target. Use open_hw_target to re-register the hardware device.
ERROR: [Xicom 50-38] xicom: Unable to connect to debug core(s) on the target device. Check cable connectivity and that the target board is powered up then use the disconnect_hw_server and connect_hw_server to re-initialize the hardware target. Use open_hw_target to re-register the hardware device.
ERROR: [Xicom 50-38] xicom: Unable to connect to debug core(s) on the target device. Check cable connectivity and that the target board is powered up then use the disconnect_hw_server and connect_hw_server to re-initialize the hardware target. Use open_hw_target to re-register the hardware device.
ERROR: [Xicom 50-38] xicom: Unable to connect to debug core(s) on the target device. Check cable connectivity and that the target board is powered up then use the disconnect_hw_server and connect_hw_server to re-initialize the hardware target. Use open_hw_target to re-register the hardware device.
ERROR: [Xicom 50-38] xicom: Unable to connect to debug core(s) on the target device. Check cable connectivity and that the target board is powered up then use the disconnect_hw_server and connect_hw_server to re-initialize the hardware target. Use open_hw_target to re-register the hardware device.
ERROR: [Xicom 50-38] xicom: Unable to connect to debug core(s) on the target device. Check cable connectivity and that the target board is powered up then use the disconnect_hw_server and connect_hw_server to re-initialize the hardware target. Use open_hw_target to re-register the hardware device.
INFO: [Common 17-14] Message 'Xicom 50-38' appears 100 times and further instances of the messages will be disabled. Use the Tcl command set_msg_config to change the current settings.
set_property PROBES.FILE {C:/Users/Kumar Lab/Desktop/Shannon/clock_test_ex/clock_test_ex.runs/impl_1/clock_test_exdes.ltx} [get_hw_devices xc7vx690t_0_1]
set_property FULL_PROBES.FILE {C:/Users/Kumar Lab/Desktop/Shannon/clock_test_ex/clock_test_ex.runs/impl_1/clock_test_exdes.ltx} [get_hw_devices xc7vx690t_0_1]
set_property PROGRAM.FILE {C:/Users/Kumar Lab/Desktop/Shannon/clock_test_ex/clock_test_ex.runs/impl_1/clock_test_exdes.bit} [get_hw_devices xc7vx690t_0_1]
program_hw_devices [get_hw_devices xc7vx690t_0_1]
INFO: [Labtools 27-3164] End of startup status: HIGH
program_hw_devices: Time (s): cpu = 00:00:07 ; elapsed = 00:00:17 . Memory (MB): peak = 4003.227 ; gain = 0.000
refresh_hw_device [lindex [get_hw_devices xc7vx690t_0_1] 0]
INFO: [Labtools 27-2302] Device xc7vx690t (JTAG device index = 0) is programmed with a design that has 1 VIO core(s).
close_hw_target {localhost:3121/xilinx_tcf/Digilent/210203B32C16A}
INFO: [Labtoolstcl 44-464] Closing hw_target localhost:3121/xilinx_tcf/Digilent/210203B32C16A
open_hw_target {localhost:3121/xilinx_tcf/Digilent/210203B707C6A}
INFO: [Labtoolstcl 44-466] Opening hw_target localhost:3121/xilinx_tcf/Digilent/210203B707C6A
set_property PROGRAM.FILE {C:/Users/Kumar Lab/Desktop/Shannon/clock_test_ex/clock_test_ex.runs/impl_1/clock_test_exdes.bit} [get_hw_devices xc7vx690t_0]
set_property PROBES.FILE {C:/Users/Kumar Lab/Desktop/Shannon/clock_test_ex/clock_test_ex.runs/impl_1/clock_test_exdes.ltx} [get_hw_devices xc7vx690t_0]
set_property FULL_PROBES.FILE {C:/Users/Kumar Lab/Desktop/Shannon/clock_test_ex/clock_test_ex.runs/impl_1/clock_test_exdes.ltx} [get_hw_devices xc7vx690t_0]
current_hw_device [get_hw_devices xc7vx690t_0]
refresh_hw_device [lindex [get_hw_devices xc7vx690t_0] 0]
INFO: [Labtools 27-2302] Device xc7vx690t (JTAG device index = 0) is programmed with a design that has 1 IBERT core(s).
WARNING: [Labtools 27-3413] Dropping logic core with cellname:'u_qwn_vio' at location 'uuid_1373EDE7BDE755BEA904B91480C49F5A' from probes file, since it cannot be found on the programmed device.
set_property PROBES.FILE {C:/Users/Kumar Lab/Desktop/Shannon/clock_test_ex/clock_test_ex.runs/impl_1/clock_test_exdes.ltx} [get_hw_devices xc7vx690t_0]
set_property FULL_PROBES.FILE {C:/Users/Kumar Lab/Desktop/Shannon/clock_test_ex/clock_test_ex.runs/impl_1/clock_test_exdes.ltx} [get_hw_devices xc7vx690t_0]
set_property PROGRAM.FILE {C:/Users/Kumar Lab/Desktop/Shannon/clock_test_ex/clock_test_ex.runs/impl_1/clock_test_exdes.bit} [get_hw_devices xc7vx690t_0]
program_hw_devices [get_hw_devices xc7vx690t_0]
INFO: [Labtools 27-3164] End of startup status: HIGH
program_hw_devices: Time (s): cpu = 00:00:08 ; elapsed = 00:00:18 . Memory (MB): peak = 4003.227 ; gain = 0.000
refresh_hw_device [lindex [get_hw_devices xc7vx690t_0] 0]
INFO: [Labtools 27-2302] Device xc7vx690t (JTAG device index = 0) is programmed with a design that has 1 VIO core(s).
set_property OUTPUT_VALUE 1 [get_hw_probes soft_reset_i -of_objects [get_hw_vios -of_objects [get_hw_devices xc7vx690t_0] -filter {CELL_NAME=~"u_qwn_vio"}]]
commit_hw_vio [get_hw_probes {soft_reset_i} -of_objects [get_hw_vios -of_objects [get_hw_devices xc7vx690t_0] -filter {CELL_NAME=~"u_qwn_vio"}]]
set_property OUTPUT_VALUE 0 [get_hw_probes soft_reset_i -of_objects [get_hw_vios -of_objects [get_hw_devices xc7vx690t_0] -filter {CELL_NAME=~"u_qwn_vio"}]]
commit_hw_vio [get_hw_probes {soft_reset_i} -of_objects [get_hw_vios -of_objects [get_hw_devices xc7vx690t_0] -filter {CELL_NAME=~"u_qwn_vio"}]]
set_property OUTPUT_VALUE 1 [get_hw_probes soft_reset_i -of_objects [get_hw_vios -of_objects [get_hw_devices xc7vx690t_0] -filter {CELL_NAME=~"u_qwn_vio"}]]
commit_hw_vio [get_hw_probes {soft_reset_i} -of_objects [get_hw_vios -of_objects [get_hw_devices xc7vx690t_0] -filter {CELL_NAME=~"u_qwn_vio"}]]
set_property OUTPUT_VALUE 0 [get_hw_probes soft_reset_i -of_objects [get_hw_vios -of_objects [get_hw_devices xc7vx690t_0] -filter {CELL_NAME=~"u_qwn_vio"}]]
commit_hw_vio [get_hw_probes {soft_reset_i} -of_objects [get_hw_vios -of_objects [get_hw_devices xc7vx690t_0] -filter {CELL_NAME=~"u_qwn_vio"}]]
WARNING: [filemgmt 56-199] Attempt to get parsing info during refresh. "On-the-fly" syntax checking information may be incorrect. [C:\Users\Kumar Lab\Desktop\Shannon\clock_test_ex\clock_test_ex.gen\sources_1\ip\clock_test\clock_test\example_design\clock_test_rx_startup_fsm.v:]
WARNING: [filemgmt 56-199] Attempt to get parsing info during refresh. "On-the-fly" syntax checking information may be incorrect. [C:\Users\Kumar Lab\Desktop\Shannon\clock_test_ex\clock_test_ex.gen\sources_1\ip\clock_test\clock_test\example_design\clock_test_gt_frame_check.v:]
WARNING: [filemgmt 56-199] Attempt to get parsing info during refresh. "On-the-fly" syntax checking information may be incorrect. [C:\Users\Kumar Lab\Desktop\Shannon\clock_test_ex\clock_test_ex.srcs\sources_1\new\qwn_exdes.v:]
ERROR: [Common 17-180] Spawn failed: No error
update_compile_order -fileset sources_1
WARNING: [filemgmt 56-199] Attempt to get parsing info during refresh. "On-the-fly" syntax checking information may be incorrect. [C:\Users\Kumar Lab\Desktop\Shannon\clock_test_ex\clock_test_ex.gen\sources_1\ip\clock_test\clock_test\example_design\clock_test_rx_startup_fsm.v:]
WARNING: [filemgmt 56-199] Attempt to get parsing info during refresh. "On-the-fly" syntax checking information may be incorrect. [C:\Users\Kumar Lab\Desktop\Shannon\clock_test_ex\clock_test_ex.gen\sources_1\ip\clock_test\clock_test\example_design\clock_test_gt_frame_check.v:]
WARNING: [filemgmt 56-199] Attempt to get parsing info during refresh. "On-the-fly" syntax checking information may be incorrect. [C:\Users\Kumar Lab\Desktop\Shannon\clock_test_ex\clock_test_ex.srcs\sources_1\new\qwn_exdes.v:]
WARNING: [filemgmt 56-199] Attempt to get parsing info during refresh. "On-the-fly" syntax checking information may be incorrect. [C:\Users\Kumar Lab\Desktop\Shannon\clock_test_ex\clock_test_ex.gen\sources_1\ip\clock_test\clock_test\example_design\clock_test_rx_startup_fsm.v:]
WARNING: [filemgmt 56-199] Attempt to get parsing info during refresh. "On-the-fly" syntax checking information may be incorrect. [C:\Users\Kumar Lab\Desktop\Shannon\clock_test_ex\clock_test_ex.gen\sources_1\ip\clock_test\clock_test\example_design\clock_test_gt_frame_check.v:]
WARNING: [filemgmt 56-199] Attempt to get parsing info during refresh. "On-the-fly" syntax checking information may be incorrect. [C:\Users\Kumar Lab\Desktop\Shannon\clock_test_ex\clock_test_ex.srcs\sources_1\new\qwn_exdes.v:]
ERROR: [Common 17-180] Spawn failed: No error
WARNING: [filemgmt 56-199] Attempt to get parsing info during refresh. "On-the-fly" syntax checking information may be incorrect. [C:\Users\Kumar Lab\Desktop\Shannon\clock_test_ex\clock_test_ex.gen\sources_1\ip\clock_test\clock_test\example_design\clock_test_rx_startup_fsm.v:]
WARNING: [filemgmt 56-199] Attempt to get parsing info during refresh. "On-the-fly" syntax checking information may be incorrect. [C:\Users\Kumar Lab\Desktop\Shannon\clock_test_ex\clock_test_ex.gen\sources_1\ip\clock_test\clock_test\example_design\clock_test_gt_frame_check.v:]
WARNING: [filemgmt 56-199] Attempt to get parsing info during refresh. "On-the-fly" syntax checking information may be incorrect. [C:\Users\Kumar Lab\Desktop\Shannon\clock_test_ex\clock_test_ex.srcs\sources_1\new\qwn_exdes.v:]
ERROR: [Common 17-180] Spawn failed: No error
WARNING: [filemgmt 56-199] Attempt to get parsing info during refresh. "On-the-fly" syntax checking information may be incorrect. [C:\Users\Kumar Lab\Desktop\Shannon\clock_test_ex\clock_test_ex.srcs\sources_1\new\qwn_exdes.v:]
WARNING: [filemgmt 56-199] Attempt to get parsing info during refresh. "On-the-fly" syntax checking information may be incorrect. [C:\Users\Kumar Lab\Desktop\Shannon\clock_test_ex\clock_test_ex.gen\sources_1\ip\clock_test\clock_test\example_design\clock_test_rx_startup_fsm.v:]
WARNING: [filemgmt 56-199] Attempt to get parsing info during refresh. "On-the-fly" syntax checking information may be incorrect. [C:\Users\Kumar Lab\Desktop\Shannon\clock_test_ex\clock_test_ex.gen\sources_1\ip\clock_test\clock_test\example_design\clock_test_gt_frame_check.v:]
WARNING: [filemgmt 56-199] Attempt to get parsing info during refresh. "On-the-fly" syntax checking information may be incorrect. [C:\Users\Kumar Lab\Desktop\Shannon\clock_test_ex\clock_test_ex.srcs\sources_1\new\qwn_exdes.v:]
WARNING: [filemgmt 56-199] Attempt to get parsing info during refresh. "On-the-fly" syntax checking information may be incorrect. [C:\Users\Kumar Lab\Desktop\Shannon\clock_test_ex\clock_test_ex.gen\sources_1\ip\clock_test\clock_test\example_design\clock_test_rx_startup_fsm.v:]
WARNING: [filemgmt 56-199] Attempt to get parsing info during refresh. "On-the-fly" syntax checking information may be incorrect. [C:\Users\Kumar Lab\Desktop\Shannon\clock_test_ex\clock_test_ex.gen\sources_1\ip\clock_test\clock_test\example_design\clock_test_gt_frame_check.v:]
WARNING: [filemgmt 56-199] Attempt to get parsing info during refresh. "On-the-fly" syntax checking information may be incorrect. [C:\Users\Kumar Lab\Desktop\Shannon\clock_test_ex\clock_test_ex.srcs\sources_1\new\qwn_exdes.v:]
WARNING: [Common 17-9] Error reading message records.
ERROR: [Xicom 50-38] xicom: Unable to connect to debug core(s) on the target device. Check cable connectivity and that the target board is powered up then use the disconnect_hw_server and connect_hw_server to re-initialize the hardware target. Use open_hw_target to re-register the hardware device.
ERROR: [Xicom 50-38] xicom: Unable to connect to debug core(s) on the target device. Check cable connectivity and that the target board is powered up then use the disconnect_hw_server and connect_hw_server to re-initialize the hardware target. Use open_hw_target to re-register the hardware device.
ERROR: [Xicom 50-38] xicom: Unable to connect to debug core(s) on the target device. Check cable connectivity and that the target board is powered up then use the disconnect_hw_server and connect_hw_server to re-initialize the hardware target. Use open_hw_target to re-register the hardware device.
ERROR: [Xicom 50-38] xicom: Unable to connect to debug core(s) on the target device. Check cable connectivity and that the target board is powered up then use the disconnect_hw_server and connect_hw_server to re-initialize the hardware target. Use open_hw_target to re-register the hardware device.
ERROR: [Xicom 50-38] xicom: Unable to connect to debug core(s) on the target device. Check cable connectivity and that the target board is powered up then use the disconnect_hw_server and connect_hw_server to re-initialize the hardware target. Use open_hw_target to re-register the hardware device.
ERROR: [Xicom 50-38] xicom: Unable to connect to debug core(s) on the target device. Check cable connectivity and that the target board is powered up then use the disconnect_hw_server and connect_hw_server to re-initialize the hardware target. Use open_hw_target to re-register the hardware device.
ERROR: [Xicom 50-38] xicom: Unable to connect to debug core(s) on the target device. Check cable connectivity and that the target board is powered up then use the disconnect_hw_server and connect_hw_server to re-initialize the hardware target. Use open_hw_target to re-register the hardware device.
ERROR: [Xicom 50-38] xicom: Unable to connect to debug core(s) on the target device. Check cable connectivity and that the target board is powered up then use the disconnect_hw_server and connect_hw_server to re-initialize the hardware target. Use open_hw_target to re-register the hardware device.
ERROR: [Xicom 50-38] xicom: Unable to connect to debug core(s) on the target device. Check cable connectivity and that the target board is powered up then use the disconnect_hw_server and connect_hw_server to re-initialize the hardware target. Use open_hw_target to re-register the hardware device.
ERROR: [Xicom 50-38] xicom: Unable to connect to debug core(s) on the target device. Check cable connectivity and that the target board is powered up then use the disconnect_hw_server and connect_hw_server to re-initialize the hardware target. Use open_hw_target to re-register the hardware device.
ERROR: [Xicom 50-38] xicom: Unable to connect to debug core(s) on the target device. Check cable connectivity and that the target board is powered up then use the disconnect_hw_server and connect_hw_server to re-initialize the hardware target. Use open_hw_target to re-register the hardware device.
ERROR: [Xicom 50-38] xicom: Unable to connect to debug core(s) on the target device. Check cable connectivity and that the target board is powered up then use the disconnect_hw_server and connect_hw_server to re-initialize the hardware target. Use open_hw_target to re-register the hardware device.
ERROR: [Xicom 50-38] xicom: Unable to connect to debug core(s) on the target device. Check cable connectivity and that the target board is powered up then use the disconnect_hw_server and connect_hw_server to re-initialize the hardware target. Use open_hw_target to re-register the hardware device.
ERROR: [Xicom 50-38] xicom: Unable to connect to debug core(s) on the target device. Check cable connectivity and that the target board is powered up then use the disconnect_hw_server and connect_hw_server to re-initialize the hardware target. Use open_hw_target to re-register the hardware device.
ERROR: [Xicom 50-38] xicom: Unable to connect to debug core(s) on the target device. Check cable connectivity and that the target board is powered up then use the disconnect_hw_server and connect_hw_server to re-initialize the hardware target. Use open_hw_target to re-register the hardware device.
ERROR: [Xicom 50-38] xicom: Unable to connect to debug core(s) on the target device. Check cable connectivity and that the target board is powered up then use the disconnect_hw_server and connect_hw_server to re-initialize the hardware target. Use open_hw_target to re-register the hardware device.
ERROR: [Xicom 50-38] xicom: Unable to connect to debug core(s) on the target device. Check cable connectivity and that the target board is powered up then use the disconnect_hw_server and connect_hw_server to re-initialize the hardware target. Use open_hw_target to re-register the hardware device.
ERROR: [Xicom 50-38] xicom: Unable to connect to debug core(s) on the target device. Check cable connectivity and that the target board is powered up then use the disconnect_hw_server and connect_hw_server to re-initialize the hardware target. Use open_hw_target to re-register the hardware device.
ERROR: [Xicom 50-38] xicom: Unable to connect to debug core(s) on the target device. Check cable connectivity and that the target board is powered up then use the disconnect_hw_server and connect_hw_server to re-initialize the hardware target. Use open_hw_target to re-register the hardware device.
ERROR: [Xicom 50-38] xicom: Unable to connect to debug core(s) on the target device. Check cable connectivity and that the target board is powered up then use the disconnect_hw_server and connect_hw_server to re-initialize the hardware target. Use open_hw_target to re-register the hardware device.
ERROR: [Xicom 50-38] xicom: Unable to connect to debug core(s) on the target device. Check cable connectivity and that the target board is powered up then use the disconnect_hw_server and connect_hw_server to re-initialize the hardware target. Use open_hw_target to re-register the hardware device.
ERROR: [Xicom 50-38] xicom: Unable to connect to debug core(s) on the target device. Check cable connectivity and that the target board is powered up then use the disconnect_hw_server and connect_hw_server to re-initialize the hardware target. Use open_hw_target to re-register the hardware device.
ERROR: [Xicom 50-38] xicom: Unable to connect to debug core(s) on the target device. Check cable connectivity and that the target board is powered up then use the disconnect_hw_server and connect_hw_server to re-initialize the hardware target. Use open_hw_target to re-register the hardware device.
ERROR: [Xicom 50-38] xicom: Unable to connect to debug core(s) on the target device. Check cable connectivity and that the target board is powered up then use the disconnect_hw_server and connect_hw_server to re-initialize the hardware target. Use open_hw_target to re-register the hardware device.
ERROR: [Xicom 50-38] xicom: Unable to connect to debug core(s) on the target device. Check cable connectivity and that the target board is powered up then use the disconnect_hw_server and connect_hw_server to re-initialize the hardware target. Use open_hw_target to re-register the hardware device.
ERROR: [Xicom 50-38] xicom: Unable to connect to debug core(s) on the target device. Check cable connectivity and that the target board is powered up then use the disconnect_hw_server and connect_hw_server to re-initialize the hardware target. Use open_hw_target to re-register the hardware device.
ERROR: [Xicom 50-38] xicom: Unable to connect to debug core(s) on the target device. Check cable connectivity and that the target board is powered up then use the disconnect_hw_server and connect_hw_server to re-initialize the hardware target. Use open_hw_target to re-register the hardware device.
ERROR: [Xicom 50-38] xicom: Unable to connect to debug core(s) on the target device. Check cable connectivity and that the target board is powered up then use the disconnect_hw_server and connect_hw_server to re-initialize the hardware target. Use open_hw_target to re-register the hardware device.
ERROR: [Xicom 50-38] xicom: Unable to connect to debug core(s) on the target device. Check cable connectivity and that the target board is powered up then use the disconnect_hw_server and connect_hw_server to re-initialize the hardware target. Use open_hw_target to re-register the hardware device.
ERROR: [Xicom 50-38] xicom: Unable to connect to debug core(s) on the target device. Check cable connectivity and that the target board is powered up then use the disconnect_hw_server and connect_hw_server to re-initialize the hardware target. Use open_hw_target to re-register the hardware device.
ERROR: [Xicom 50-38] xicom: Unable to connect to debug core(s) on the target device. Check cable connectivity and that the target board is powered up then use the disconnect_hw_server and connect_hw_server to re-initialize the hardware target. Use open_hw_target to re-register the hardware device.
ERROR: [Xicom 50-38] xicom: Unable to connect to debug core(s) on the target device. Check cable connectivity and that the target board is powered up then use the disconnect_hw_server and connect_hw_server to re-initialize the hardware target. Use open_hw_target to re-register the hardware device.
WARNING: [filemgmt 56-199] Attempt to get parsing info during refresh. "On-the-fly" syntax checking information may be incorrect. [C:\Users\Kumar Lab\Desktop\Shannon\clock_test_ex\clock_test_ex.gen\sources_1\ip\clock_test\clock_test\example_design\clock_test_rx_startup_fsm.v:]
WARNING: [filemgmt 56-199] Attempt to get parsing info during refresh. "On-the-fly" syntax checking information may be incorrect. [C:\Users\Kumar Lab\Desktop\Shannon\clock_test_ex\clock_test_ex.gen\sources_1\ip\clock_test\clock_test\example_design\clock_test_gt_frame_check.v:]
WARNING: [filemgmt 56-199] Attempt to get parsing info during refresh. "On-the-fly" syntax checking information may be incorrect. [C:\Users\Kumar Lab\Desktop\Shannon\clock_test_ex\clock_test_ex.srcs\sources_1\new\qwn_exdes.v:]
WARNING: [filemgmt 56-199] Attempt to get parsing info during refresh. "On-the-fly" syntax checking information may be incorrect. [C:\Users\Kumar Lab\Desktop\Shannon\clock_test_ex\clock_test_ex.gen\sources_1\ip\clock_test\clock_test\example_design\clock_test_rx_startup_fsm.v:]
WARNING: [filemgmt 56-199] Attempt to get parsing info during refresh. "On-the-fly" syntax checking information may be incorrect. [C:\Users\Kumar Lab\Desktop\Shannon\clock_test_ex\clock_test_ex.gen\sources_1\ip\clock_test\clock_test\example_design\clock_test_gt_frame_check.v:]
WARNING: [filemgmt 56-199] Attempt to get parsing info during refresh. "On-the-fly" syntax checking information may be incorrect. [C:\Users\Kumar Lab\Desktop\Shannon\clock_test_ex\clock_test_ex.srcs\sources_1\new\qwn_exdes.v:]
ERROR: [Common 17-180] Spawn failed: No error
WARNING: [filemgmt 56-199] Attempt to get parsing info during refresh. "On-the-fly" syntax checking information may be incorrect. [C:\Users\Kumar Lab\Desktop\Shannon\clock_test_ex\clock_test_ex.gen\sources_1\ip\clock_test\clock_test\example_design\clock_test_rx_startup_fsm.v:]
WARNING: [filemgmt 56-199] Attempt to get parsing info during refresh. "On-the-fly" syntax checking information may be incorrect. [C:\Users\Kumar Lab\Desktop\Shannon\clock_test_ex\clock_test_ex.gen\sources_1\ip\clock_test\clock_test\example_design\clock_test_gt_frame_check.v:]
WARNING: [filemgmt 56-199] Attempt to get parsing info during refresh. "On-the-fly" syntax checking information may be incorrect. [C:\Users\Kumar Lab\Desktop\Shannon\clock_test_ex\clock_test_ex.srcs\sources_1\new\qwn_exdes.v:]
ERROR: [Common 17-180] Spawn failed: No error
WARNING: [filemgmt 56-199] Attempt to get parsing info during refresh. "On-the-fly" syntax checking information may be incorrect. [C:\Users\Kumar Lab\Desktop\Shannon\clock_test_ex\clock_test_ex.gen\sources_1\ip\clock_test\clock_test\example_design\clock_test_rx_startup_fsm.v:]
WARNING: [filemgmt 56-199] Attempt to get parsing info during refresh. "On-the-fly" syntax checking information may be incorrect. [C:\Users\Kumar Lab\Desktop\Shannon\clock_test_ex\clock_test_ex.gen\sources_1\ip\clock_test\clock_test\example_design\clock_test_gt_frame_check.v:]
WARNING: [filemgmt 56-199] Attempt to get parsing info during refresh. "On-the-fly" syntax checking information may be incorrect. [C:\Users\Kumar Lab\Desktop\Shannon\clock_test_ex\clock_test_ex.srcs\sources_1\new\qwn_exdes.v:]
WARNING: [filemgmt 56-199] Attempt to get parsing info during refresh. "On-the-fly" syntax checking information may be incorrect. [C:\Users\Kumar Lab\Desktop\Shannon\clock_test_ex\clock_test_ex.gen\sources_1\ip\clock_test\clock_test\example_design\clock_test_rx_startup_fsm.v:]
WARNING: [filemgmt 56-199] Attempt to get parsing info during refresh. "On-the-fly" syntax checking information may be incorrect. [C:\Users\Kumar Lab\Desktop\Shannon\clock_test_ex\clock_test_ex.gen\sources_1\ip\clock_test\clock_test\example_design\clock_test_gt_frame_check.v:]
WARNING: [filemgmt 56-199] Attempt to get parsing info during refresh. "On-the-fly" syntax checking information may be incorrect. [C:\Users\Kumar Lab\Desktop\Shannon\clock_test_ex\clock_test_ex.srcs\sources_1\new\qwn_exdes.v:]
ERROR: [Common 17-180] Spawn failed: No error
WARNING: [filemgmt 56-199] Attempt to get parsing info during refresh. "On-the-fly" syntax checking information may be incorrect. [C:\Users\Kumar Lab\Desktop\Shannon\clock_test_ex\clock_test_ex.gen\sources_1\ip\clock_test\clock_test\example_design\clock_test_rx_startup_fsm.v:]
WARNING: [filemgmt 56-199] Attempt to get parsing info during refresh. "On-the-fly" syntax checking information may be incorrect. [C:\Users\Kumar Lab\Desktop\Shannon\clock_test_ex\clock_test_ex.gen\sources_1\ip\clock_test\clock_test\example_design\clock_test_gt_frame_check.v:]
WARNING: [filemgmt 56-199] Attempt to get parsing info during refresh. "On-the-fly" syntax checking information may be incorrect. [C:\Users\Kumar Lab\Desktop\Shannon\clock_test_ex\clock_test_ex.srcs\sources_1\new\qwn_exdes.v:]
WARNING: [filemgmt 56-199] Attempt to get parsing info during refresh. "On-the-fly" syntax checking information may be incorrect. [C:\Users\Kumar Lab\Desktop\Shannon\clock_test_ex\clock_test_ex.gen\sources_1\ip\clock_test\clock_test\example_design\clock_test_rx_startup_fsm.v:]
WARNING: [filemgmt 56-199] Attempt to get parsing info during refresh. "On-the-fly" syntax checking information may be incorrect. [C:\Users\Kumar Lab\Desktop\Shannon\clock_test_ex\clock_test_ex.gen\sources_1\ip\clock_test\clock_test\example_design\clock_test_gt_frame_check.v:]
WARNING: [filemgmt 56-199] Attempt to get parsing info during refresh. "On-the-fly" syntax checking information may be incorrect. [C:\Users\Kumar Lab\Desktop\Shannon\clock_test_ex\clock_test_ex.srcs\sources_1\new\qwn_exdes.v:]
WARNING: [filemgmt 56-199] Attempt to get parsing info during refresh. "On-the-fly" syntax checking information may be incorrect. [C:\Users\Kumar Lab\Desktop\Shannon\clock_test_ex\clock_test_ex.gen\sources_1\ip\clock_test\clock_test\example_design\clock_test_rx_startup_fsm.v:]
WARNING: [filemgmt 56-199] Attempt to get parsing info during refresh. "On-the-fly" syntax checking information may be incorrect. [C:\Users\Kumar Lab\Desktop\Shannon\clock_test_ex\clock_test_ex.gen\sources_1\ip\clock_test\clock_test\example_design\clock_test_gt_frame_check.v:]
WARNING: [filemgmt 56-199] Attempt to get parsing info during refresh. "On-the-fly" syntax checking information may be incorrect. [C:\Users\Kumar Lab\Desktop\Shannon\clock_test_ex\clock_test_ex.srcs\sources_1\new\qwn_exdes.v:]
WARNING: [filemgmt 56-199] Attempt to get parsing info during refresh. "On-the-fly" syntax checking information may be incorrect. [C:\Users\Kumar Lab\Desktop\Shannon\clock_test_ex\clock_test_ex.gen\sources_1\ip\clock_test\clock_test\example_design\clock_test_rx_startup_fsm.v:]
WARNING: [filemgmt 56-199] Attempt to get parsing info during refresh. "On-the-fly" syntax checking information may be incorrect. [C:\Users\Kumar Lab\Desktop\Shannon\clock_test_ex\clock_test_ex.gen\sources_1\ip\clock_test\clock_test\example_design\clock_test_gt_frame_check.v:]
WARNING: [filemgmt 56-199] Attempt to get parsing info during refresh. "On-the-fly" syntax checking information may be incorrect. [C:\Users\Kumar Lab\Desktop\Shannon\clock_test_ex\clock_test_ex.srcs\sources_1\new\qwn_exdes.v:]
ERROR: [Common 17-180] Spawn failed: No error
WARNING: [filemgmt 56-199] Attempt to get parsing info during refresh. "On-the-fly" syntax checking information may be incorrect. [C:\Users\Kumar Lab\Desktop\Shannon\clock_test_ex\clock_test_ex.gen\sources_1\ip\clock_test\clock_test\example_design\clock_test_rx_startup_fsm.v:]
WARNING: [filemgmt 56-199] Attempt to get parsing info during refresh. "On-the-fly" syntax checking information may be incorrect. [C:\Users\Kumar Lab\Desktop\Shannon\clock_test_ex\clock_test_ex.gen\sources_1\ip\clock_test\clock_test\example_design\clock_test_gt_frame_check.v:]
WARNING: [filemgmt 56-199] Attempt to get parsing info during refresh. "On-the-fly" syntax checking information may be incorrect. [C:\Users\Kumar Lab\Desktop\Shannon\clock_test_ex\clock_test_ex.srcs\sources_1\new\qwn_exdes.v:]
WARNING: [filemgmt 56-199] Attempt to get parsing info during refresh. "On-the-fly" syntax checking information may be incorrect. [C:\Users\Kumar Lab\Desktop\Shannon\clock_test_ex\clock_test_ex.gen\sources_1\ip\clock_test\clock_test\example_design\clock_test_rx_startup_fsm.v:]
WARNING: [filemgmt 56-199] Attempt to get parsing info during refresh. "On-the-fly" syntax checking information may be incorrect. [C:\Users\Kumar Lab\Desktop\Shannon\clock_test_ex\clock_test_ex.gen\sources_1\ip\clock_test\clock_test\example_design\clock_test_gt_frame_check.v:]
WARNING: [filemgmt 56-199] Attempt to get parsing info during refresh. "On-the-fly" syntax checking information may be incorrect. [C:\Users\Kumar Lab\Desktop\Shannon\clock_test_ex\clock_test_ex.srcs\sources_1\new\qwn_exdes.v:]
ERROR: [Common 17-180] Spawn failed: No error
WARNING: [filemgmt 56-199] Attempt to get parsing info during refresh. "On-the-fly" syntax checking information may be incorrect. [C:\Users\Kumar Lab\Desktop\Shannon\clock_test_ex\clock_test_ex.gen\sources_1\ip\clock_test\clock_test\example_design\clock_test_rx_startup_fsm.v:]
WARNING: [filemgmt 56-199] Attempt to get parsing info during refresh. "On-the-fly" syntax checking information may be incorrect. [C:\Users\Kumar Lab\Desktop\Shannon\clock_test_ex\clock_test_ex.gen\sources_1\ip\clock_test\clock_test\example_design\clock_test_gt_frame_check.v:]
WARNING: [filemgmt 56-199] Attempt to get parsing info during refresh. "On-the-fly" syntax checking information may be incorrect. [C:\Users\Kumar Lab\Desktop\Shannon\clock_test_ex\clock_test_ex.srcs\sources_1\new\qwn_exdes.v:]
WARNING: [filemgmt 56-199] Attempt to get parsing info during refresh. "On-the-fly" syntax checking information may be incorrect. [C:\Users\Kumar Lab\Desktop\Shannon\clock_test_ex\clock_test_ex.gen\sources_1\ip\clock_test\clock_test\example_design\clock_test_rx_startup_fsm.v:]
WARNING: [filemgmt 56-199] Attempt to get parsing info during refresh. "On-the-fly" syntax checking information may be incorrect. [C:\Users\Kumar Lab\Desktop\Shannon\clock_test_ex\clock_test_ex.gen\sources_1\ip\clock_test\clock_test\example_design\clock_test_gt_frame_check.v:]
WARNING: [filemgmt 56-199] Attempt to get parsing info during refresh. "On-the-fly" syntax checking information may be incorrect. [C:\Users\Kumar Lab\Desktop\Shannon\clock_test_ex\clock_test_ex.srcs\sources_1\new\qwn_exdes.v:]
ERROR: [Common 17-180] Spawn failed: No error
WARNING: [filemgmt 56-199] Attempt to get parsing info during refresh. "On-the-fly" syntax checking information may be incorrect. [C:\Users\Kumar Lab\Desktop\Shannon\clock_test_ex\clock_test_ex.gen\sources_1\ip\clock_test\clock_test\example_design\clock_test_rx_startup_fsm.v:]
WARNING: [filemgmt 56-199] Attempt to get parsing info during refresh. "On-the-fly" syntax checking information may be incorrect. [C:\Users\Kumar Lab\Desktop\Shannon\clock_test_ex\clock_test_ex.gen\sources_1\ip\clock_test\clock_test\example_design\clock_test_gt_frame_check.v:]
WARNING: [filemgmt 56-199] Attempt to get parsing info during refresh. "On-the-fly" syntax checking information may be incorrect. [C:\Users\Kumar Lab\Desktop\Shannon\clock_test_ex\clock_test_ex.srcs\sources_1\new\qwn_exdes.v:]
WARNING: [filemgmt 56-199] Attempt to get parsing info during refresh. "On-the-fly" syntax checking information may be incorrect. [C:\Users\Kumar Lab\Desktop\Shannon\clock_test_ex\clock_test_ex.gen\sources_1\ip\clock_test\clock_test\example_design\clock_test_rx_startup_fsm.v:]
WARNING: [filemgmt 56-199] Attempt to get parsing info during refresh. "On-the-fly" syntax checking information may be incorrect. [C:\Users\Kumar Lab\Desktop\Shannon\clock_test_ex\clock_test_ex.gen\sources_1\ip\clock_test\clock_test\example_design\clock_test_gt_frame_check.v:]
WARNING: [filemgmt 56-199] Attempt to get parsing info during refresh. "On-the-fly" syntax checking information may be incorrect. [C:\Users\Kumar Lab\Desktop\Shannon\clock_test_ex\clock_test_ex.srcs\sources_1\new\qwn_exdes.v:]
ERROR: [Common 17-180] Spawn failed: No error
WARNING: [filemgmt 56-199] Attempt to get parsing info during refresh. "On-the-fly" syntax checking information may be incorrect. [C:\Users\Kumar Lab\Desktop\Shannon\clock_test_ex\clock_test_ex.gen\sources_1\ip\clock_test\clock_test\example_design\clock_test_rx_startup_fsm.v:]
WARNING: [filemgmt 56-199] Attempt to get parsing info during refresh. "On-the-fly" syntax checking information may be incorrect. [C:\Users\Kumar Lab\Desktop\Shannon\clock_test_ex\clock_test_ex.gen\sources_1\ip\clock_test\clock_test\example_design\clock_test_gt_frame_check.v:]
WARNING: [filemgmt 56-199] Attempt to get parsing info during refresh. "On-the-fly" syntax checking information may be incorrect. [C:\Users\Kumar Lab\Desktop\Shannon\clock_test_ex\clock_test_ex.srcs\sources_1\new\qwn_exdes.v:]
WARNING: [filemgmt 56-199] Attempt to get parsing info during refresh. "On-the-fly" syntax checking information may be incorrect. [C:\Users\Kumar Lab\Desktop\Shannon\clock_test_ex\clock_test_ex.gen\sources_1\ip\clock_test\clock_test\example_design\clock_test_rx_startup_fsm.v:]
WARNING: [filemgmt 56-199] Attempt to get parsing info during refresh. "On-the-fly" syntax checking information may be incorrect. [C:\Users\Kumar Lab\Desktop\Shannon\clock_test_ex\clock_test_ex.gen\sources_1\ip\clock_test\clock_test\example_design\clock_test_gt_frame_check.v:]
WARNING: [filemgmt 56-199] Attempt to get parsing info during refresh. "On-the-fly" syntax checking information may be incorrect. [C:\Users\Kumar Lab\Desktop\Shannon\clock_test_ex\clock_test_ex.srcs\sources_1\new\qwn_exdes.v:]
WARNING: [filemgmt 56-199] Attempt to get parsing info during refresh. "On-the-fly" syntax checking information may be incorrect. [C:\Users\Kumar Lab\Desktop\Shannon\clock_test_ex\clock_test_ex.gen\sources_1\ip\clock_test\clock_test\example_design\clock_test_rx_startup_fsm.v:]
WARNING: [filemgmt 56-199] Attempt to get parsing info during refresh. "On-the-fly" syntax checking information may be incorrect. [C:\Users\Kumar Lab\Desktop\Shannon\clock_test_ex\clock_test_ex.gen\sources_1\ip\clock_test\clock_test\example_design\clock_test_gt_frame_check.v:]
WARNING: [filemgmt 56-199] Attempt to get parsing info during refresh. "On-the-fly" syntax checking information may be incorrect. [C:\Users\Kumar Lab\Desktop\Shannon\clock_test_ex\clock_test_ex.srcs\sources_1\new\qwn_exdes.v:]
WARNING: [filemgmt 56-199] Attempt to get parsing info during refresh. "On-the-fly" syntax checking information may be incorrect. [C:\Users\Kumar Lab\Desktop\Shannon\clock_test_ex\clock_test_ex.gen\sources_1\ip\clock_test\clock_test\example_design\clock_test_rx_startup_fsm.v:]
WARNING: [filemgmt 56-199] Attempt to get parsing info during refresh. "On-the-fly" syntax checking information may be incorrect. [C:\Users\Kumar Lab\Desktop\Shannon\clock_test_ex\clock_test_ex.gen\sources_1\ip\clock_test\clock_test\example_design\clock_test_gt_frame_check.v:]
WARNING: [filemgmt 56-199] Attempt to get parsing info during refresh. "On-the-fly" syntax checking information may be incorrect. [C:\Users\Kumar Lab\Desktop\Shannon\clock_test_ex\clock_test_ex.srcs\sources_1\new\qwn_exdes.v:]
WARNING: [filemgmt 56-199] Attempt to get parsing info during refresh. "On-the-fly" syntax checking information may be incorrect. [C:\Users\Kumar Lab\Desktop\Shannon\clock_test_ex\clock_test_ex.gen\sources_1\ip\clock_test\clock_test\example_design\clock_test_rx_startup_fsm.v:]
WARNING: [filemgmt 56-199] Attempt to get parsing info during refresh. "On-the-fly" syntax checking information may be incorrect. [C:\Users\Kumar Lab\Desktop\Shannon\clock_test_ex\clock_test_ex.gen\sources_1\ip\clock_test\clock_test\example_design\clock_test_gt_frame_check.v:]
WARNING: [filemgmt 56-199] Attempt to get parsing info during refresh. "On-the-fly" syntax checking information may be incorrect. [C:\Users\Kumar Lab\Desktop\Shannon\clock_test_ex\clock_test_ex.srcs\sources_1\new\qwn_exdes.v:]
WARNING: [filemgmt 56-199] Attempt to get parsing info during refresh. "On-the-fly" syntax checking information may be incorrect. [C:\Users\Kumar Lab\Desktop\Shannon\clock_test_ex\clock_test_ex.gen\sources_1\ip\clock_test\clock_test\example_design\clock_test_rx_startup_fsm.v:]
WARNING: [filemgmt 56-199] Attempt to get parsing info during refresh. "On-the-fly" syntax checking information may be incorrect. [C:\Users\Kumar Lab\Desktop\Shannon\clock_test_ex\clock_test_ex.gen\sources_1\ip\clock_test\clock_test\example_design\clock_test_gt_frame_check.v:]
WARNING: [filemgmt 56-199] Attempt to get parsing info during refresh. "On-the-fly" syntax checking information may be incorrect. [C:\Users\Kumar Lab\Desktop\Shannon\clock_test_ex\clock_test_ex.srcs\sources_1\new\qwn_exdes.v:]
ERROR: [Common 17-180] Spawn failed: No error
WARNING: [filemgmt 56-199] Attempt to get parsing info during refresh. "On-the-fly" syntax checking information may be incorrect. [C:\Users\Kumar Lab\Desktop\Shannon\clock_test_ex\clock_test_ex.gen\sources_1\ip\clock_test\clock_test\example_design\clock_test_rx_startup_fsm.v:]
WARNING: [filemgmt 56-199] Attempt to get parsing info during refresh. "On-the-fly" syntax checking information may be incorrect. [C:\Users\Kumar Lab\Desktop\Shannon\clock_test_ex\clock_test_ex.gen\sources_1\ip\clock_test\clock_test\example_design\clock_test_gt_frame_check.v:]
WARNING: [filemgmt 56-199] Attempt to get parsing info during refresh. "On-the-fly" syntax checking information may be incorrect. [C:\Users\Kumar Lab\Desktop\Shannon\clock_test_ex\clock_test_ex.srcs\sources_1\new\qwn_exdes.v:]
ERROR: [Common 17-180] Spawn failed: No error
WARNING: [filemgmt 56-199] Attempt to get parsing info during refresh. "On-the-fly" syntax checking information may be incorrect. [C:\Users\Kumar Lab\Desktop\Shannon\clock_test_ex\clock_test_ex.gen\sources_1\ip\clock_test\clock_test\example_design\clock_test_rx_startup_fsm.v:]
WARNING: [filemgmt 56-199] Attempt to get parsing info during refresh. "On-the-fly" syntax checking information may be incorrect. [C:\Users\Kumar Lab\Desktop\Shannon\clock_test_ex\clock_test_ex.gen\sources_1\ip\clock_test\clock_test\example_design\clock_test_gt_frame_check.v:]
WARNING: [filemgmt 56-199] Attempt to get parsing info during refresh. "On-the-fly" syntax checking information may be incorrect. [C:\Users\Kumar Lab\Desktop\Shannon\clock_test_ex\clock_test_ex.srcs\sources_1\new\qwn_exdes.v:]
WARNING: [filemgmt 56-199] Attempt to get parsing info during refresh. "On-the-fly" syntax checking information may be incorrect. [C:\Users\Kumar Lab\Desktop\Shannon\clock_test_ex\clock_test_ex.gen\sources_1\ip\clock_test\clock_test\example_design\clock_test_rx_startup_fsm.v:]
WARNING: [filemgmt 56-199] Attempt to get parsing info during refresh. "On-the-fly" syntax checking information may be incorrect. [C:\Users\Kumar Lab\Desktop\Shannon\clock_test_ex\clock_test_ex.gen\sources_1\ip\clock_test\clock_test\example_design\clock_test_gt_frame_check.v:]
WARNING: [filemgmt 56-199] Attempt to get parsing info during refresh. "On-the-fly" syntax checking information may be incorrect. [C:\Users\Kumar Lab\Desktop\Shannon\clock_test_ex\clock_test_ex.srcs\sources_1\new\qwn_exdes.v:]
WARNING: [filemgmt 56-199] Attempt to get parsing info during refresh. "On-the-fly" syntax checking information may be incorrect. [C:\Users\Kumar Lab\Desktop\Shannon\clock_test_ex\clock_test_ex.gen\sources_1\ip\clock_test\clock_test\example_design\clock_test_rx_startup_fsm.v:]
WARNING: [filemgmt 56-199] Attempt to get parsing info during refresh. "On-the-fly" syntax checking information may be incorrect. [C:\Users\Kumar Lab\Desktop\Shannon\clock_test_ex\clock_test_ex.gen\sources_1\ip\clock_test\clock_test\example_design\clock_test_gt_frame_check.v:]
WARNING: [filemgmt 56-199] Attempt to get parsing info during refresh. "On-the-fly" syntax checking information may be incorrect. [C:\Users\Kumar Lab\Desktop\Shannon\clock_test_ex\clock_test_ex.srcs\sources_1\new\qwn_exdes.v:]
ERROR: [Common 17-180] Spawn failed: No error
WARNING: [filemgmt 56-199] Attempt to get parsing info during refresh. "On-the-fly" syntax checking information may be incorrect. [C:\Users\Kumar Lab\Desktop\Shannon\clock_test_ex\clock_test_ex.gen\sources_1\ip\clock_test\clock_test\example_design\clock_test_rx_startup_fsm.v:]
WARNING: [filemgmt 56-199] Attempt to get parsing info during refresh. "On-the-fly" syntax checking information may be incorrect. [C:\Users\Kumar Lab\Desktop\Shannon\clock_test_ex\clock_test_ex.gen\sources_1\ip\clock_test\clock_test\example_design\clock_test_gt_frame_check.v:]
WARNING: [filemgmt 56-199] Attempt to get parsing info during refresh. "On-the-fly" syntax checking information may be incorrect. [C:\Users\Kumar Lab\Desktop\Shannon\clock_test_ex\clock_test_ex.srcs\sources_1\new\qwn_exdes.v:]
WARNING: [filemgmt 56-199] Attempt to get parsing info during refresh. "On-the-fly" syntax checking information may be incorrect. [C:\Users\Kumar Lab\Desktop\Shannon\clock_test_ex\clock_test_ex.gen\sources_1\ip\clock_test\clock_test\example_design\clock_test_rx_startup_fsm.v:]
WARNING: [filemgmt 56-199] Attempt to get parsing info during refresh. "On-the-fly" syntax checking information may be incorrect. [C:\Users\Kumar Lab\Desktop\Shannon\clock_test_ex\clock_test_ex.gen\sources_1\ip\clock_test\clock_test\example_design\clock_test_gt_frame_check.v:]
WARNING: [filemgmt 56-199] Attempt to get parsing info during refresh. "On-the-fly" syntax checking information may be incorrect. [C:\Users\Kumar Lab\Desktop\Shannon\clock_test_ex\clock_test_ex.srcs\sources_1\new\qwn_exdes.v:]
WARNING: [filemgmt 56-199] Attempt to get parsing info during refresh. "On-the-fly" syntax checking information may be incorrect. [C:\Users\Kumar Lab\Desktop\Shannon\clock_test_ex\clock_test_ex.gen\sources_1\ip\clock_test\clock_test\example_design\clock_test_rx_startup_fsm.v:]
WARNING: [filemgmt 56-199] Attempt to get parsing info during refresh. "On-the-fly" syntax checking information may be incorrect. [C:\Users\Kumar Lab\Desktop\Shannon\clock_test_ex\clock_test_ex.gen\sources_1\ip\clock_test\clock_test\example_design\clock_test_gt_frame_check.v:]
WARNING: [filemgmt 56-199] Attempt to get parsing info during refresh. "On-the-fly" syntax checking information may be incorrect. [C:\Users\Kumar Lab\Desktop\Shannon\clock_test_ex\clock_test_ex.srcs\sources_1\new\qwn_exdes.v:]
WARNING: [filemgmt 56-199] Attempt to get parsing info during refresh. "On-the-fly" syntax checking information may be incorrect. [C:\Users\Kumar Lab\Desktop\Shannon\clock_test_ex\clock_test_ex.gen\sources_1\ip\clock_test\clock_test\example_design\clock_test_rx_startup_fsm.v:]
WARNING: [filemgmt 56-199] Attempt to get parsing info during refresh. "On-the-fly" syntax checking information may be incorrect. [C:\Users\Kumar Lab\Desktop\Shannon\clock_test_ex\clock_test_ex.gen\sources_1\ip\clock_test\clock_test\example_design\clock_test_gt_frame_check.v:]
WARNING: [filemgmt 56-199] Attempt to get parsing info during refresh. "On-the-fly" syntax checking information may be incorrect. [C:\Users\Kumar Lab\Desktop\Shannon\clock_test_ex\clock_test_ex.srcs\sources_1\new\qwn_exdes.v:]
WARNING: [filemgmt 56-199] Attempt to get parsing info during refresh. "On-the-fly" syntax checking information may be incorrect. [C:\Users\Kumar Lab\Desktop\Shannon\clock_test_ex\clock_test_ex.gen\sources_1\ip\clock_test\clock_test\example_design\clock_test_rx_startup_fsm.v:]
WARNING: [filemgmt 56-199] Attempt to get parsing info during refresh. "On-the-fly" syntax checking information may be incorrect. [C:\Users\Kumar Lab\Desktop\Shannon\clock_test_ex\clock_test_ex.gen\sources_1\ip\clock_test\clock_test\example_design\clock_test_gt_frame_check.v:]
WARNING: [filemgmt 56-199] Attempt to get parsing info during refresh. "On-the-fly" syntax checking information may be incorrect. [C:\Users\Kumar Lab\Desktop\Shannon\clock_test_ex\clock_test_ex.srcs\sources_1\new\qwn_exdes.v:]
WARNING: [filemgmt 56-199] Attempt to get parsing info during refresh. "On-the-fly" syntax checking information may be incorrect. [C:\Users\Kumar Lab\Desktop\Shannon\clock_test_ex\clock_test_ex.gen\sources_1\ip\clock_test\clock_test\example_design\clock_test_rx_startup_fsm.v:]
WARNING: [filemgmt 56-199] Attempt to get parsing info during refresh. "On-the-fly" syntax checking information may be incorrect. [C:\Users\Kumar Lab\Desktop\Shannon\clock_test_ex\clock_test_ex.gen\sources_1\ip\clock_test\clock_test\example_design\clock_test_gt_frame_check.v:]
WARNING: [filemgmt 56-199] Attempt to get parsing info during refresh. "On-the-fly" syntax checking information may be incorrect. [C:\Users\Kumar Lab\Desktop\Shannon\clock_test_ex\clock_test_ex.srcs\sources_1\new\qwn_exdes.v:]
WARNING: [filemgmt 56-199] Attempt to get parsing info during refresh. "On-the-fly" syntax checking information may be incorrect. [C:\Users\Kumar Lab\Desktop\Shannon\clock_test_ex\clock_test_ex.gen\sources_1\ip\clock_test\clock_test\example_design\clock_test_rx_startup_fsm.v:]
WARNING: [filemgmt 56-199] Attempt to get parsing info during refresh. "On-the-fly" syntax checking information may be incorrect. [C:\Users\Kumar Lab\Desktop\Shannon\clock_test_ex\clock_test_ex.gen\sources_1\ip\clock_test\clock_test\example_design\clock_test_gt_frame_check.v:]
WARNING: [filemgmt 56-199] Attempt to get parsing info during refresh. "On-the-fly" syntax checking information may be incorrect. [C:\Users\Kumar Lab\Desktop\Shannon\clock_test_ex\clock_test_ex.srcs\sources_1\new\qwn_exdes.v:]
WARNING: [filemgmt 56-199] Attempt to get parsing info during refresh. "On-the-fly" syntax checking information may be incorrect. [C:\Users\Kumar Lab\Desktop\Shannon\clock_test_ex\clock_test_ex.gen\sources_1\ip\clock_test\clock_test\example_design\clock_test_rx_startup_fsm.v:]
WARNING: [filemgmt 56-199] Attempt to get parsing info during refresh. "On-the-fly" syntax checking information may be incorrect. [C:\Users\Kumar Lab\Desktop\Shannon\clock_test_ex\clock_test_ex.gen\sources_1\ip\clock_test\clock_test\example_design\clock_test_gt_frame_check.v:]
WARNING: [filemgmt 56-199] Attempt to get parsing info during refresh. "On-the-fly" syntax checking information may be incorrect. [C:\Users\Kumar Lab\Desktop\Shannon\clock_test_ex\clock_test_ex.srcs\sources_1\new\qwn_exdes.v:]
ERROR: [Common 17-180] Spawn failed: No error
WARNING: [filemgmt 56-199] Attempt to get parsing info during refresh. "On-the-fly" syntax checking information may be incorrect. [C:\Users\Kumar Lab\Desktop\Shannon\clock_test_ex\clock_test_ex.gen\sources_1\ip\clock_test\clock_test\example_design\clock_test_rx_startup_fsm.v:]
WARNING: [filemgmt 56-199] Attempt to get parsing info during refresh. "On-the-fly" syntax checking information may be incorrect. [C:\Users\Kumar Lab\Desktop\Shannon\clock_test_ex\clock_test_ex.gen\sources_1\ip\clock_test\clock_test\example_design\clock_test_gt_frame_check.v:]
WARNING: [filemgmt 56-199] Attempt to get parsing info during refresh. "On-the-fly" syntax checking information may be incorrect. [C:\Users\Kumar Lab\Desktop\Shannon\clock_test_ex\clock_test_ex.srcs\sources_1\new\qwn_exdes.v:]
WARNING: [filemgmt 56-199] Attempt to get parsing info during refresh. "On-the-fly" syntax checking information may be incorrect. [C:\Users\Kumar Lab\Desktop\Shannon\clock_test_ex\clock_test_ex.gen\sources_1\ip\clock_test\clock_test\example_design\clock_test_rx_startup_fsm.v:]
WARNING: [filemgmt 56-199] Attempt to get parsing info during refresh. "On-the-fly" syntax checking information may be incorrect. [C:\Users\Kumar Lab\Desktop\Shannon\clock_test_ex\clock_test_ex.gen\sources_1\ip\clock_test\clock_test\example_design\clock_test_gt_frame_check.v:]
WARNING: [filemgmt 56-199] Attempt to get parsing info during refresh. "On-the-fly" syntax checking information may be incorrect. [C:\Users\Kumar Lab\Desktop\Shannon\clock_test_ex\clock_test_ex.srcs\sources_1\new\qwn_exdes.v:]
WARNING: [filemgmt 56-199] Attempt to get parsing info during refresh. "On-the-fly" syntax checking information may be incorrect. [C:\Users\Kumar Lab\Desktop\Shannon\clock_test_ex\clock_test_ex.gen\sources_1\ip\clock_test\clock_test\example_design\clock_test_rx_startup_fsm.v:]
WARNING: [filemgmt 56-199] Attempt to get parsing info during refresh. "On-the-fly" syntax checking information may be incorrect. [C:\Users\Kumar Lab\Desktop\Shannon\clock_test_ex\clock_test_ex.gen\sources_1\ip\clock_test\clock_test\example_design\clock_test_gt_frame_check.v:]
WARNING: [filemgmt 56-199] Attempt to get parsing info during refresh. "On-the-fly" syntax checking information may be incorrect. [C:\Users\Kumar Lab\Desktop\Shannon\clock_test_ex\clock_test_ex.srcs\sources_1\new\qwn_exdes.v:]
ERROR: [Common 17-180] Spawn failed: No error
WARNING: [filemgmt 56-199] Attempt to get parsing info during refresh. "On-the-fly" syntax checking information may be incorrect. [C:\Users\Kumar Lab\Desktop\Shannon\clock_test_ex\clock_test_ex.gen\sources_1\ip\clock_test\clock_test\example_design\clock_test_rx_startup_fsm.v:]
WARNING: [filemgmt 56-199] Attempt to get parsing info during refresh. "On-the-fly" syntax checking information may be incorrect. [C:\Users\Kumar Lab\Desktop\Shannon\clock_test_ex\clock_test_ex.gen\sources_1\ip\clock_test\clock_test\example_design\clock_test_gt_frame_check.v:]
WARNING: [filemgmt 56-199] Attempt to get parsing info during refresh. "On-the-fly" syntax checking information may be incorrect. [C:\Users\Kumar Lab\Desktop\Shannon\clock_test_ex\clock_test_ex.srcs\sources_1\new\qwn_exdes.v:]
WARNING: [filemgmt 56-199] Attempt to get parsing info during refresh. "On-the-fly" syntax checking information may be incorrect. [C:\Users\Kumar Lab\Desktop\Shannon\clock_test_ex\clock_test_ex.gen\sources_1\ip\clock_test\clock_test\example_design\clock_test_rx_startup_fsm.v:]
WARNING: [filemgmt 56-199] Attempt to get parsing info during refresh. "On-the-fly" syntax checking information may be incorrect. [C:\Users\Kumar Lab\Desktop\Shannon\clock_test_ex\clock_test_ex.gen\sources_1\ip\clock_test\clock_test\example_design\clock_test_gt_frame_check.v:]
WARNING: [filemgmt 56-199] Attempt to get parsing info during refresh. "On-the-fly" syntax checking information may be incorrect. [C:\Users\Kumar Lab\Desktop\Shannon\clock_test_ex\clock_test_ex.srcs\sources_1\new\qwn_exdes.v:]
WARNING: [filemgmt 56-199] Attempt to get parsing info during refresh. "On-the-fly" syntax checking information may be incorrect. [C:\Users\Kumar Lab\Desktop\Shannon\clock_test_ex\clock_test_ex.gen\sources_1\ip\clock_test\clock_test\example_design\clock_test_rx_startup_fsm.v:]
WARNING: [filemgmt 56-199] Attempt to get parsing info during refresh. "On-the-fly" syntax checking information may be incorrect. [C:\Users\Kumar Lab\Desktop\Shannon\clock_test_ex\clock_test_ex.gen\sources_1\ip\clock_test\clock_test\example_design\clock_test_gt_frame_check.v:]
WARNING: [filemgmt 56-199] Attempt to get parsing info during refresh. "On-the-fly" syntax checking information may be incorrect. [C:\Users\Kumar Lab\Desktop\Shannon\clock_test_ex\clock_test_ex.srcs\sources_1\new\qwn_exdes.v:]
WARNING: [filemgmt 56-199] Attempt to get parsing info during refresh. "On-the-fly" syntax checking information may be incorrect. [C:\Users\Kumar Lab\Desktop\Shannon\clock_test_ex\clock_test_ex.gen\sources_1\ip\clock_test\clock_test\example_design\clock_test_rx_startup_fsm.v:]
WARNING: [filemgmt 56-199] Attempt to get parsing info during refresh. "On-the-fly" syntax checking information may be incorrect. [C:\Users\Kumar Lab\Desktop\Shannon\clock_test_ex\clock_test_ex.gen\sources_1\ip\clock_test\clock_test\example_design\clock_test_gt_frame_check.v:]
WARNING: [filemgmt 56-199] Attempt to get parsing info during refresh. "On-the-fly" syntax checking information may be incorrect. [C:\Users\Kumar Lab\Desktop\Shannon\clock_test_ex\clock_test_ex.srcs\sources_1\new\qwn_exdes.v:]
WARNING: [filemgmt 56-199] Attempt to get parsing info during refresh. "On-the-fly" syntax checking information may be incorrect. [C:\Users\Kumar Lab\Desktop\Shannon\clock_test_ex\clock_test_ex.gen\sources_1\ip\clock_test\clock_test\example_design\clock_test_rx_startup_fsm.v:]
WARNING: [filemgmt 56-199] Attempt to get parsing info during refresh. "On-the-fly" syntax checking information may be incorrect. [C:\Users\Kumar Lab\Desktop\Shannon\clock_test_ex\clock_test_ex.gen\sources_1\ip\clock_test\clock_test\example_design\clock_test_gt_frame_check.v:]
WARNING: [filemgmt 56-199] Attempt to get parsing info during refresh. "On-the-fly" syntax checking information may be incorrect. [C:\Users\Kumar Lab\Desktop\Shannon\clock_test_ex\clock_test_ex.srcs\sources_1\new\qwn_exdes.v:]
WARNING: [filemgmt 56-199] Attempt to get parsing info during refresh. "On-the-fly" syntax checking information may be incorrect. [C:\Users\Kumar Lab\Desktop\Shannon\clock_test_ex\clock_test_ex.gen\sources_1\ip\clock_test\clock_test\example_design\clock_test_rx_startup_fsm.v:]
WARNING: [filemgmt 56-199] Attempt to get parsing info during refresh. "On-the-fly" syntax checking information may be incorrect. [C:\Users\Kumar Lab\Desktop\Shannon\clock_test_ex\clock_test_ex.gen\sources_1\ip\clock_test\clock_test\example_design\clock_test_gt_frame_check.v:]
WARNING: [filemgmt 56-199] Attempt to get parsing info during refresh. "On-the-fly" syntax checking information may be incorrect. [C:\Users\Kumar Lab\Desktop\Shannon\clock_test_ex\clock_test_ex.srcs\sources_1\new\qwn_exdes.v:]
WARNING: [filemgmt 56-199] Attempt to get parsing info during refresh. "On-the-fly" syntax checking information may be incorrect. [C:\Users\Kumar Lab\Desktop\Shannon\clock_test_ex\clock_test_ex.gen\sources_1\ip\clock_test\clock_test\example_design\clock_test_rx_startup_fsm.v:]
WARNING: [filemgmt 56-199] Attempt to get parsing info during refresh. "On-the-fly" syntax checking information may be incorrect. [C:\Users\Kumar Lab\Desktop\Shannon\clock_test_ex\clock_test_ex.gen\sources_1\ip\clock_test\clock_test\example_design\clock_test_gt_frame_check.v:]
WARNING: [filemgmt 56-199] Attempt to get parsing info during refresh. "On-the-fly" syntax checking information may be incorrect. [C:\Users\Kumar Lab\Desktop\Shannon\clock_test_ex\clock_test_ex.srcs\sources_1\new\qwn_exdes.v:]
WARNING: [filemgmt 56-199] Attempt to get parsing info during refresh. "On-the-fly" syntax checking information may be incorrect. [C:\Users\Kumar Lab\Desktop\Shannon\clock_test_ex\clock_test_ex.gen\sources_1\ip\clock_test\clock_test\example_design\clock_test_rx_startup_fsm.v:]
WARNING: [filemgmt 56-199] Attempt to get parsing info during refresh. "On-the-fly" syntax checking information may be incorrect. [C:\Users\Kumar Lab\Desktop\Shannon\clock_test_ex\clock_test_ex.gen\sources_1\ip\clock_test\clock_test\example_design\clock_test_gt_frame_check.v:]
WARNING: [filemgmt 56-199] Attempt to get parsing info during refresh. "On-the-fly" syntax checking information may be incorrect. [C:\Users\Kumar Lab\Desktop\Shannon\clock_test_ex\clock_test_ex.srcs\sources_1\new\qwn_exdes.v:]
WARNING: [filemgmt 56-199] Attempt to get parsing info during refresh. "On-the-fly" syntax checking information may be incorrect. [C:\Users\Kumar Lab\Desktop\Shannon\clock_test_ex\clock_test_ex.gen\sources_1\ip\clock_test\clock_test\example_design\clock_test_rx_startup_fsm.v:]
WARNING: [filemgmt 56-199] Attempt to get parsing info during refresh. "On-the-fly" syntax checking information may be incorrect. [C:\Users\Kumar Lab\Desktop\Shannon\clock_test_ex\clock_test_ex.gen\sources_1\ip\clock_test\clock_test\example_design\clock_test_gt_frame_check.v:]
WARNING: [filemgmt 56-199] Attempt to get parsing info during refresh. "On-the-fly" syntax checking information may be incorrect. [C:\Users\Kumar Lab\Desktop\Shannon\clock_test_ex\clock_test_ex.srcs\sources_1\new\qwn_exdes.v:]
WARNING: [filemgmt 56-199] Attempt to get parsing info during refresh. "On-the-fly" syntax checking information may be incorrect. [C:\Users\Kumar Lab\Desktop\Shannon\clock_test_ex\clock_test_ex.gen\sources_1\ip\clock_test\clock_test\example_design\clock_test_rx_startup_fsm.v:]
WARNING: [filemgmt 56-199] Attempt to get parsing info during refresh. "On-the-fly" syntax checking information may be incorrect. [C:\Users\Kumar Lab\Desktop\Shannon\clock_test_ex\clock_test_ex.gen\sources_1\ip\clock_test\clock_test\example_design\clock_test_gt_frame_check.v:]
WARNING: [filemgmt 56-199] Attempt to get parsing info during refresh. "On-the-fly" syntax checking information may be incorrect. [C:\Users\Kumar Lab\Desktop\Shannon\clock_test_ex\clock_test_ex.srcs\sources_1\new\qwn_exdes.v:]
WARNING: [filemgmt 56-199] Attempt to get parsing info during refresh. "On-the-fly" syntax checking information may be incorrect. [C:\Users\Kumar Lab\Desktop\Shannon\clock_test_ex\clock_test_ex.gen\sources_1\ip\clock_test\clock_test\example_design\clock_test_rx_startup_fsm.v:]
WARNING: [filemgmt 56-199] Attempt to get parsing info during refresh. "On-the-fly" syntax checking information may be incorrect. [C:\Users\Kumar Lab\Desktop\Shannon\clock_test_ex\clock_test_ex.gen\sources_1\ip\clock_test\clock_test\example_design\clock_test_gt_frame_check.v:]
WARNING: [filemgmt 56-199] Attempt to get parsing info during refresh. "On-the-fly" syntax checking information may be incorrect. [C:\Users\Kumar Lab\Desktop\Shannon\clock_test_ex\clock_test_ex.srcs\sources_1\new\qwn_exdes.v:]
WARNING: [filemgmt 56-199] Attempt to get parsing info during refresh. "On-the-fly" syntax checking information may be incorrect. [C:\Users\Kumar Lab\Desktop\Shannon\clock_test_ex\clock_test_ex.gen\sources_1\ip\clock_test\clock_test\example_design\clock_test_rx_startup_fsm.v:]
WARNING: [filemgmt 56-199] Attempt to get parsing info during refresh. "On-the-fly" syntax checking information may be incorrect. [C:\Users\Kumar Lab\Desktop\Shannon\clock_test_ex\clock_test_ex.gen\sources_1\ip\clock_test\clock_test\example_design\clock_test_gt_frame_check.v:]
WARNING: [filemgmt 56-199] Attempt to get parsing info during refresh. "On-the-fly" syntax checking information may be incorrect. [C:\Users\Kumar Lab\Desktop\Shannon\clock_test_ex\clock_test_ex.srcs\sources_1\new\qwn_exdes.v:]
WARNING: [filemgmt 56-199] Attempt to get parsing info during refresh. "On-the-fly" syntax checking information may be incorrect. [C:\Users\Kumar Lab\Desktop\Shannon\clock_test_ex\clock_test_ex.gen\sources_1\ip\clock_test\clock_test\example_design\clock_test_rx_startup_fsm.v:]
WARNING: [filemgmt 56-199] Attempt to get parsing info during refresh. "On-the-fly" syntax checking information may be incorrect. [C:\Users\Kumar Lab\Desktop\Shannon\clock_test_ex\clock_test_ex.gen\sources_1\ip\clock_test\clock_test\example_design\clock_test_gt_frame_check.v:]
WARNING: [filemgmt 56-199] Attempt to get parsing info during refresh. "On-the-fly" syntax checking information may be incorrect. [C:\Users\Kumar Lab\Desktop\Shannon\clock_test_ex\clock_test_ex.srcs\sources_1\new\qwn_exdes.v:]
WARNING: [filemgmt 56-199] Attempt to get parsing info during refresh. "On-the-fly" syntax checking information may be incorrect. [C:\Users\Kumar Lab\Desktop\Shannon\clock_test_ex\clock_test_ex.gen\sources_1\ip\clock_test\clock_test\example_design\clock_test_rx_startup_fsm.v:]
WARNING: [filemgmt 56-199] Attempt to get parsing info during refresh. "On-the-fly" syntax checking information may be incorrect. [C:\Users\Kumar Lab\Desktop\Shannon\clock_test_ex\clock_test_ex.gen\sources_1\ip\clock_test\clock_test\example_design\clock_test_gt_frame_check.v:]
WARNING: [filemgmt 56-199] Attempt to get parsing info during refresh. "On-the-fly" syntax checking information may be incorrect. [C:\Users\Kumar Lab\Desktop\Shannon\clock_test_ex\clock_test_ex.srcs\sources_1\new\qwn_exdes.v:]
WARNING: [filemgmt 56-199] Attempt to get parsing info during refresh. "On-the-fly" syntax checking information may be incorrect. [C:\Users\Kumar Lab\Desktop\Shannon\clock_test_ex\clock_test_ex.gen\sources_1\ip\clock_test\clock_test\example_design\clock_test_rx_startup_fsm.v:]
WARNING: [filemgmt 56-199] Attempt to get parsing info during refresh. "On-the-fly" syntax checking information may be incorrect. [C:\Users\Kumar Lab\Desktop\Shannon\clock_test_ex\clock_test_ex.gen\sources_1\ip\clock_test\clock_test\example_design\clock_test_gt_frame_check.v:]
WARNING: [filemgmt 56-199] Attempt to get parsing info during refresh. "On-the-fly" syntax checking information may be incorrect. [C:\Users\Kumar Lab\Desktop\Shannon\clock_test_ex\clock_test_ex.srcs\sources_1\new\qwn_exdes.v:]
WARNING: [filemgmt 56-199] Attempt to get parsing info during refresh. "On-the-fly" syntax checking information may be incorrect. [C:\Users\Kumar Lab\Desktop\Shannon\clock_test_ex\clock_test_ex.gen\sources_1\ip\clock_test\clock_test\example_design\clock_test_rx_startup_fsm.v:]
WARNING: [filemgmt 56-199] Attempt to get parsing info during refresh. "On-the-fly" syntax checking information may be incorrect. [C:\Users\Kumar Lab\Desktop\Shannon\clock_test_ex\clock_test_ex.gen\sources_1\ip\clock_test\clock_test\example_design\clock_test_gt_frame_check.v:]
WARNING: [filemgmt 56-199] Attempt to get parsing info during refresh. "On-the-fly" syntax checking information may be incorrect. [C:\Users\Kumar Lab\Desktop\Shannon\clock_test_ex\clock_test_ex.srcs\sources_1\new\qwn_exdes.v:]
WARNING: [filemgmt 56-199] Attempt to get parsing info during refresh. "On-the-fly" syntax checking information may be incorrect. [C:\Users\Kumar Lab\Desktop\Shannon\clock_test_ex\clock_test_ex.gen\sources_1\ip\clock_test\clock_test\example_design\clock_test_rx_startup_fsm.v:]
WARNING: [filemgmt 56-199] Attempt to get parsing info during refresh. "On-the-fly" syntax checking information may be incorrect. [C:\Users\Kumar Lab\Desktop\Shannon\clock_test_ex\clock_test_ex.gen\sources_1\ip\clock_test\clock_test\example_design\clock_test_gt_frame_check.v:]
WARNING: [filemgmt 56-199] Attempt to get parsing info during refresh. "On-the-fly" syntax checking information may be incorrect. [C:\Users\Kumar Lab\Desktop\Shannon\clock_test_ex\clock_test_ex.srcs\sources_1\new\qwn_exdes.v:]
WARNING: [filemgmt 56-199] Attempt to get parsing info during refresh. "On-the-fly" syntax checking information may be incorrect. [C:\Users\Kumar Lab\Desktop\Shannon\clock_test_ex\clock_test_ex.gen\sources_1\ip\clock_test\clock_test\example_design\clock_test_rx_startup_fsm.v:]
WARNING: [filemgmt 56-199] Attempt to get parsing info during refresh. "On-the-fly" syntax checking information may be incorrect. [C:\Users\Kumar Lab\Desktop\Shannon\clock_test_ex\clock_test_ex.gen\sources_1\ip\clock_test\clock_test\example_design\clock_test_gt_frame_check.v:]
WARNING: [filemgmt 56-199] Attempt to get parsing info during refresh. "On-the-fly" syntax checking information may be incorrect. [C:\Users\Kumar Lab\Desktop\Shannon\clock_test_ex\clock_test_ex.srcs\sources_1\new\qwn_exdes.v:]
WARNING: [filemgmt 56-199] Attempt to get parsing info during refresh. "On-the-fly" syntax checking information may be incorrect. [C:\Users\Kumar Lab\Desktop\Shannon\clock_test_ex\clock_test_ex.gen\sources_1\ip\clock_test\clock_test\example_design\clock_test_rx_startup_fsm.v:]
WARNING: [filemgmt 56-199] Attempt to get parsing info during refresh. "On-the-fly" syntax checking information may be incorrect. [C:\Users\Kumar Lab\Desktop\Shannon\clock_test_ex\clock_test_ex.gen\sources_1\ip\clock_test\clock_test\example_design\clock_test_gt_frame_check.v:]
WARNING: [filemgmt 56-199] Attempt to get parsing info during refresh. "On-the-fly" syntax checking information may be incorrect. [C:\Users\Kumar Lab\Desktop\Shannon\clock_test_ex\clock_test_ex.srcs\sources_1\new\qwn_exdes.v:]
WARNING: [filemgmt 56-199] Attempt to get parsing info during refresh. "On-the-fly" syntax checking information may be incorrect. [C:\Users\Kumar Lab\Desktop\Shannon\clock_test_ex\clock_test_ex.gen\sources_1\ip\clock_test\clock_test\example_design\clock_test_rx_startup_fsm.v:]
WARNING: [filemgmt 56-199] Attempt to get parsing info during refresh. "On-the-fly" syntax checking information may be incorrect. [C:\Users\Kumar Lab\Desktop\Shannon\clock_test_ex\clock_test_ex.gen\sources_1\ip\clock_test\clock_test\example_design\clock_test_gt_frame_check.v:]
WARNING: [filemgmt 56-199] Attempt to get parsing info during refresh. "On-the-fly" syntax checking information may be incorrect. [C:\Users\Kumar Lab\Desktop\Shannon\clock_test_ex\clock_test_ex.srcs\sources_1\new\qwn_exdes.v:]
WARNING: [filemgmt 56-199] Attempt to get parsing info during refresh. "On-the-fly" syntax checking information may be incorrect. [C:\Users\Kumar Lab\Desktop\Shannon\clock_test_ex\clock_test_ex.gen\sources_1\ip\clock_test\clock_test\example_design\clock_test_rx_startup_fsm.v:]
WARNING: [filemgmt 56-199] Attempt to get parsing info during refresh. "On-the-fly" syntax checking information may be incorrect. [C:\Users\Kumar Lab\Desktop\Shannon\clock_test_ex\clock_test_ex.gen\sources_1\ip\clock_test\clock_test\example_design\clock_test_gt_frame_check.v:]
WARNING: [filemgmt 56-199] Attempt to get parsing info during refresh. "On-the-fly" syntax checking information may be incorrect. [C:\Users\Kumar Lab\Desktop\Shannon\clock_test_ex\clock_test_ex.srcs\sources_1\new\qwn_exdes.v:]
ERROR: [Common 17-180] Spawn failed: No error
WARNING: [Common 17-9] Error reading message records.
WARNING: [Common 17-9] Error reading message records.
WARNING: [Common 17-9] Error reading message records.
WARNING: [Common 17-9] Error reading message records.
WARNING: [filemgmt 56-199] Attempt to get parsing info during refresh. "On-the-fly" syntax checking information may be incorrect. [C:\Users\Kumar Lab\Desktop\Shannon\clock_test_ex\clock_test_ex.gen\sources_1\ip\clock_test\clock_test\example_design\clock_test_rx_startup_fsm.v:]
WARNING: [filemgmt 56-199] Attempt to get parsing info during refresh. "On-the-fly" syntax checking information may be incorrect. [C:\Users\Kumar Lab\Desktop\Shannon\clock_test_ex\clock_test_ex.gen\sources_1\ip\clock_test\clock_test\example_design\clock_test_gt_frame_check.v:]
WARNING: [filemgmt 56-199] Attempt to get parsing info during refresh. "On-the-fly" syntax checking information may be incorrect. [C:\Users\Kumar Lab\Desktop\Shannon\clock_test_ex\clock_test_ex.srcs\sources_1\new\qwn_exdes.v:]
WARNING: [filemgmt 56-199] Attempt to get parsing info during refresh. "On-the-fly" syntax checking information may be incorrect. [C:\Users\Kumar Lab\Desktop\Shannon\clock_test_ex\clock_test_ex.gen\sources_1\ip\clock_test\clock_test\example_design\clock_test_rx_startup_fsm.v:]
WARNING: [filemgmt 56-199] Attempt to get parsing info during refresh. "On-the-fly" syntax checking information may be incorrect. [C:\Users\Kumar Lab\Desktop\Shannon\clock_test_ex\clock_test_ex.gen\sources_1\ip\clock_test\clock_test\example_design\clock_test_gt_frame_check.v:]
WARNING: [filemgmt 56-199] Attempt to get parsing info during refresh. "On-the-fly" syntax checking information may be incorrect. [C:\Users\Kumar Lab\Desktop\Shannon\clock_test_ex\clock_test_ex.srcs\sources_1\new\qwn_exdes.v:]
WARNING: [filemgmt 56-199] Attempt to get parsing info during refresh. "On-the-fly" syntax checking information may be incorrect. [C:\Users\Kumar Lab\Desktop\Shannon\clock_test_ex\clock_test_ex.gen\sources_1\ip\clock_test\clock_test\example_design\clock_test_rx_startup_fsm.v:]
WARNING: [filemgmt 56-199] Attempt to get parsing info during refresh. "On-the-fly" syntax checking information may be incorrect. [C:\Users\Kumar Lab\Desktop\Shannon\clock_test_ex\clock_test_ex.gen\sources_1\ip\clock_test\clock_test\example_design\clock_test_gt_frame_check.v:]
WARNING: [filemgmt 56-199] Attempt to get parsing info during refresh. "On-the-fly" syntax checking information may be incorrect. [C:\Users\Kumar Lab\Desktop\Shannon\clock_test_ex\clock_test_ex.srcs\sources_1\new\qwn_exdes.v:]
WARNING: [filemgmt 56-199] Attempt to get parsing info during refresh. "On-the-fly" syntax checking information may be incorrect. [C:\Users\Kumar Lab\Desktop\Shannon\clock_test_ex\clock_test_ex.gen\sources_1\ip\clock_test\clock_test\example_design\clock_test_rx_startup_fsm.v:]
WARNING: [filemgmt 56-199] Attempt to get parsing info during refresh. "On-the-fly" syntax checking information may be incorrect. [C:\Users\Kumar Lab\Desktop\Shannon\clock_test_ex\clock_test_ex.gen\sources_1\ip\clock_test\clock_test\example_design\clock_test_gt_frame_check.v:]
WARNING: [filemgmt 56-199] Attempt to get parsing info during refresh. "On-the-fly" syntax checking information may be incorrect. [C:\Users\Kumar Lab\Desktop\Shannon\clock_test_ex\clock_test_ex.srcs\sources_1\new\qwn_exdes.v:]
WARNING: [filemgmt 56-199] Attempt to get parsing info during refresh. "On-the-fly" syntax checking information may be incorrect. [C:\Users\Kumar Lab\Desktop\Shannon\clock_test_ex\clock_test_ex.gen\sources_1\ip\clock_test\clock_test\example_design\clock_test_rx_startup_fsm.v:]
WARNING: [filemgmt 56-199] Attempt to get parsing info during refresh. "On-the-fly" syntax checking information may be incorrect. [C:\Users\Kumar Lab\Desktop\Shannon\clock_test_ex\clock_test_ex.gen\sources_1\ip\clock_test\clock_test\example_design\clock_test_gt_frame_check.v:]
WARNING: [filemgmt 56-199] Attempt to get parsing info during refresh. "On-the-fly" syntax checking information may be incorrect. [C:\Users\Kumar Lab\Desktop\Shannon\clock_test_ex\clock_test_ex.srcs\sources_1\new\qwn_exdes.v:]
WARNING: [filemgmt 56-199] Attempt to get parsing info during refresh. "On-the-fly" syntax checking information may be incorrect. [C:\Users\Kumar Lab\Desktop\Shannon\clock_test_ex\clock_test_ex.gen\sources_1\ip\clock_test\clock_test\example_design\clock_test_rx_startup_fsm.v:]
WARNING: [filemgmt 56-199] Attempt to get parsing info during refresh. "On-the-fly" syntax checking information may be incorrect. [C:\Users\Kumar Lab\Desktop\Shannon\clock_test_ex\clock_test_ex.gen\sources_1\ip\clock_test\clock_test\example_design\clock_test_gt_frame_check.v:]
WARNING: [filemgmt 56-199] Attempt to get parsing info during refresh. "On-the-fly" syntax checking information may be incorrect. [C:\Users\Kumar Lab\Desktop\Shannon\clock_test_ex\clock_test_ex.srcs\sources_1\new\qwn_exdes.v:]
WARNING: [filemgmt 56-199] Attempt to get parsing info during refresh. "On-the-fly" syntax checking information may be incorrect. [C:\Users\Kumar Lab\Desktop\Shannon\clock_test_ex\clock_test_ex.gen\sources_1\ip\clock_test\clock_test\example_design\clock_test_rx_startup_fsm.v:]
WARNING: [filemgmt 56-199] Attempt to get parsing info during refresh. "On-the-fly" syntax checking information may be incorrect. [C:\Users\Kumar Lab\Desktop\Shannon\clock_test_ex\clock_test_ex.gen\sources_1\ip\clock_test\clock_test\example_design\clock_test_gt_frame_check.v:]
WARNING: [filemgmt 56-199] Attempt to get parsing info during refresh. "On-the-fly" syntax checking information may be incorrect. [C:\Users\Kumar Lab\Desktop\Shannon\clock_test_ex\clock_test_ex.srcs\sources_1\new\qwn_exdes.v:]
WARNING: [filemgmt 56-199] Attempt to get parsing info during refresh. "On-the-fly" syntax checking information may be incorrect. [C:\Users\Kumar Lab\Desktop\Shannon\clock_test_ex\clock_test_ex.gen\sources_1\ip\clock_test\clock_test\example_design\clock_test_rx_startup_fsm.v:]
WARNING: [filemgmt 56-199] Attempt to get parsing info during refresh. "On-the-fly" syntax checking information may be incorrect. [C:\Users\Kumar Lab\Desktop\Shannon\clock_test_ex\clock_test_ex.gen\sources_1\ip\clock_test\clock_test\example_design\clock_test_gt_frame_check.v:]
WARNING: [filemgmt 56-199] Attempt to get parsing info during refresh. "On-the-fly" syntax checking information may be incorrect. [C:\Users\Kumar Lab\Desktop\Shannon\clock_test_ex\clock_test_ex.srcs\sources_1\new\qwn_exdes.v:]
WARNING: [filemgmt 56-199] Attempt to get parsing info during refresh. "On-the-fly" syntax checking information may be incorrect. [C:\Users\Kumar Lab\Desktop\Shannon\clock_test_ex\clock_test_ex.gen\sources_1\ip\clock_test\clock_test\example_design\clock_test_rx_startup_fsm.v:]
WARNING: [filemgmt 56-199] Attempt to get parsing info during refresh. "On-the-fly" syntax checking information may be incorrect. [C:\Users\Kumar Lab\Desktop\Shannon\clock_test_ex\clock_test_ex.gen\sources_1\ip\clock_test\clock_test\example_design\clock_test_gt_frame_check.v:]
WARNING: [filemgmt 56-199] Attempt to get parsing info during refresh. "On-the-fly" syntax checking information may be incorrect. [C:\Users\Kumar Lab\Desktop\Shannon\clock_test_ex\clock_test_ex.srcs\sources_1\new\qwn_exdes.v:]
WARNING: [filemgmt 56-199] Attempt to get parsing info during refresh. "On-the-fly" syntax checking information may be incorrect. [C:\Users\Kumar Lab\Desktop\Shannon\clock_test_ex\clock_test_ex.gen\sources_1\ip\clock_test\clock_test\example_design\clock_test_rx_startup_fsm.v:]
WARNING: [filemgmt 56-199] Attempt to get parsing info during refresh. "On-the-fly" syntax checking information may be incorrect. [C:\Users\Kumar Lab\Desktop\Shannon\clock_test_ex\clock_test_ex.gen\sources_1\ip\clock_test\clock_test\example_design\clock_test_gt_frame_check.v:]
WARNING: [filemgmt 56-199] Attempt to get parsing info during refresh. "On-the-fly" syntax checking information may be incorrect. [C:\Users\Kumar Lab\Desktop\Shannon\clock_test_ex\clock_test_ex.srcs\sources_1\new\qwn_exdes.v:]
WARNING: [filemgmt 56-199] Attempt to get parsing info during refresh. "On-the-fly" syntax checking information may be incorrect. [C:\Users\Kumar Lab\Desktop\Shannon\clock_test_ex\clock_test_ex.gen\sources_1\ip\clock_test\clock_test\example_design\clock_test_rx_startup_fsm.v:]
WARNING: [filemgmt 56-199] Attempt to get parsing info during refresh. "On-the-fly" syntax checking information may be incorrect. [C:\Users\Kumar Lab\Desktop\Shannon\clock_test_ex\clock_test_ex.gen\sources_1\ip\clock_test\clock_test\example_design\clock_test_gt_frame_check.v:]
WARNING: [filemgmt 56-199] Attempt to get parsing info during refresh. "On-the-fly" syntax checking information may be incorrect. [C:\Users\Kumar Lab\Desktop\Shannon\clock_test_ex\clock_test_ex.srcs\sources_1\new\qwn_exdes.v:]
WARNING: [filemgmt 56-199] Attempt to get parsing info during refresh. "On-the-fly" syntax checking information may be incorrect. [C:\Users\Kumar Lab\Desktop\Shannon\clock_test_ex\clock_test_ex.gen\sources_1\ip\clock_test\clock_test\example_design\clock_test_rx_startup_fsm.v:]
WARNING: [filemgmt 56-199] Attempt to get parsing info during refresh. "On-the-fly" syntax checking information may be incorrect. [C:\Users\Kumar Lab\Desktop\Shannon\clock_test_ex\clock_test_ex.gen\sources_1\ip\clock_test\clock_test\example_design\clock_test_gt_frame_check.v:]
WARNING: [filemgmt 56-199] Attempt to get parsing info during refresh. "On-the-fly" syntax checking information may be incorrect. [C:\Users\Kumar Lab\Desktop\Shannon\clock_test_ex\clock_test_ex.srcs\sources_1\new\qwn_exdes.v:]
WARNING: [filemgmt 56-199] Attempt to get parsing info during refresh. "On-the-fly" syntax checking information may be incorrect. [C:\Users\Kumar Lab\Desktop\Shannon\clock_test_ex\clock_test_ex.gen\sources_1\ip\clock_test\clock_test\example_design\clock_test_rx_startup_fsm.v:]
WARNING: [filemgmt 56-199] Attempt to get parsing info during refresh. "On-the-fly" syntax checking information may be incorrect. [C:\Users\Kumar Lab\Desktop\Shannon\clock_test_ex\clock_test_ex.gen\sources_1\ip\clock_test\clock_test\example_design\clock_test_gt_frame_check.v:]
WARNING: [filemgmt 56-199] Attempt to get parsing info during refresh. "On-the-fly" syntax checking information may be incorrect. [C:\Users\Kumar Lab\Desktop\Shannon\clock_test_ex\clock_test_ex.srcs\sources_1\new\qwn_exdes.v:]
WARNING: [filemgmt 56-199] Attempt to get parsing info during refresh. "On-the-fly" syntax checking information may be incorrect. [C:\Users\Kumar Lab\Desktop\Shannon\clock_test_ex\clock_test_ex.gen\sources_1\ip\clock_test\clock_test\example_design\clock_test_rx_startup_fsm.v:]
WARNING: [filemgmt 56-199] Attempt to get parsing info during refresh. "On-the-fly" syntax checking information may be incorrect. [C:\Users\Kumar Lab\Desktop\Shannon\clock_test_ex\clock_test_ex.gen\sources_1\ip\clock_test\clock_test\example_design\clock_test_gt_frame_check.v:]
WARNING: [filemgmt 56-199] Attempt to get parsing info during refresh. "On-the-fly" syntax checking information may be incorrect. [C:\Users\Kumar Lab\Desktop\Shannon\clock_test_ex\clock_test_ex.srcs\sources_1\new\qwn_exdes.v:]
WARNING: [filemgmt 56-199] Attempt to get parsing info during refresh. "On-the-fly" syntax checking information may be incorrect. [C:\Users\Kumar Lab\Desktop\Shannon\clock_test_ex\clock_test_ex.gen\sources_1\ip\clock_test\clock_test\example_design\clock_test_rx_startup_fsm.v:]
WARNING: [filemgmt 56-199] Attempt to get parsing info during refresh. "On-the-fly" syntax checking information may be incorrect. [C:\Users\Kumar Lab\Desktop\Shannon\clock_test_ex\clock_test_ex.gen\sources_1\ip\clock_test\clock_test\example_design\clock_test_gt_frame_check.v:]
WARNING: [filemgmt 56-199] Attempt to get parsing info during refresh. "On-the-fly" syntax checking information may be incorrect. [C:\Users\Kumar Lab\Desktop\Shannon\clock_test_ex\clock_test_ex.srcs\sources_1\new\qwn_exdes.v:]
WARNING: [filemgmt 56-199] Attempt to get parsing info during refresh. "On-the-fly" syntax checking information may be incorrect. [C:\Users\Kumar Lab\Desktop\Shannon\clock_test_ex\clock_test_ex.gen\sources_1\ip\clock_test\clock_test\example_design\clock_test_rx_startup_fsm.v:]
WARNING: [filemgmt 56-199] Attempt to get parsing info during refresh. "On-the-fly" syntax checking information may be incorrect. [C:\Users\Kumar Lab\Desktop\Shannon\clock_test_ex\clock_test_ex.gen\sources_1\ip\clock_test\clock_test\example_design\clock_test_gt_frame_check.v:]
WARNING: [filemgmt 56-199] Attempt to get parsing info during refresh. "On-the-fly" syntax checking information may be incorrect. [C:\Users\Kumar Lab\Desktop\Shannon\clock_test_ex\clock_test_ex.srcs\sources_1\new\qwn_exdes.v:]
WARNING: [filemgmt 56-199] Attempt to get parsing info during refresh. "On-the-fly" syntax checking information may be incorrect. [C:\Users\Kumar Lab\Desktop\Shannon\clock_test_ex\clock_test_ex.gen\sources_1\ip\clock_test\clock_test\example_design\clock_test_rx_startup_fsm.v:]
WARNING: [filemgmt 56-199] Attempt to get parsing info during refresh. "On-the-fly" syntax checking information may be incorrect. [C:\Users\Kumar Lab\Desktop\Shannon\clock_test_ex\clock_test_ex.gen\sources_1\ip\clock_test\clock_test\example_design\clock_test_gt_frame_check.v:]
WARNING: [filemgmt 56-199] Attempt to get parsing info during refresh. "On-the-fly" syntax checking information may be incorrect. [C:\Users\Kumar Lab\Desktop\Shannon\clock_test_ex\clock_test_ex.srcs\sources_1\new\qwn_exdes.v:]
WARNING: [filemgmt 56-199] Attempt to get parsing info during refresh. "On-the-fly" syntax checking information may be incorrect. [C:\Users\Kumar Lab\Desktop\Shannon\clock_test_ex\clock_test_ex.gen\sources_1\ip\clock_test\clock_test\example_design\clock_test_rx_startup_fsm.v:]
WARNING: [filemgmt 56-199] Attempt to get parsing info during refresh. "On-the-fly" syntax checking information may be incorrect. [C:\Users\Kumar Lab\Desktop\Shannon\clock_test_ex\clock_test_ex.gen\sources_1\ip\clock_test\clock_test\example_design\clock_test_gt_frame_check.v:]
WARNING: [filemgmt 56-199] Attempt to get parsing info during refresh. "On-the-fly" syntax checking information may be incorrect. [C:\Users\Kumar Lab\Desktop\Shannon\clock_test_ex\clock_test_ex.srcs\sources_1\new\qwn_exdes.v:]
ERROR: [Common 17-180] Spawn failed: No error
WARNING: [filemgmt 56-199] Attempt to get parsing info during refresh. "On-the-fly" syntax checking information may be incorrect. [C:\Users\Kumar Lab\Desktop\Shannon\clock_test_ex\clock_test_ex.gen\sources_1\ip\clock_test\clock_test\example_design\clock_test_rx_startup_fsm.v:]
WARNING: [filemgmt 56-199] Attempt to get parsing info during refresh. "On-the-fly" syntax checking information may be incorrect. [C:\Users\Kumar Lab\Desktop\Shannon\clock_test_ex\clock_test_ex.gen\sources_1\ip\clock_test\clock_test\example_design\clock_test_gt_frame_check.v:]
WARNING: [filemgmt 56-199] Attempt to get parsing info during refresh. "On-the-fly" syntax checking information may be incorrect. [C:\Users\Kumar Lab\Desktop\Shannon\clock_test_ex\clock_test_ex.srcs\sources_1\new\qwn_exdes.v:]
WARNING: [filemgmt 56-199] Attempt to get parsing info during refresh. "On-the-fly" syntax checking information may be incorrect. [C:\Users\Kumar Lab\Desktop\Shannon\clock_test_ex\clock_test_ex.gen\sources_1\ip\clock_test\clock_test\example_design\clock_test_rx_startup_fsm.v:]
WARNING: [filemgmt 56-199] Attempt to get parsing info during refresh. "On-the-fly" syntax checking information may be incorrect. [C:\Users\Kumar Lab\Desktop\Shannon\clock_test_ex\clock_test_ex.gen\sources_1\ip\clock_test\clock_test\example_design\clock_test_gt_frame_check.v:]
WARNING: [filemgmt 56-199] Attempt to get parsing info during refresh. "On-the-fly" syntax checking information may be incorrect. [C:\Users\Kumar Lab\Desktop\Shannon\clock_test_ex\clock_test_ex.srcs\sources_1\new\qwn_exdes.v:]
WARNING: [filemgmt 56-199] Attempt to get parsing info during refresh. "On-the-fly" syntax checking information may be incorrect. [C:\Users\Kumar Lab\Desktop\Shannon\clock_test_ex\clock_test_ex.gen\sources_1\ip\clock_test\clock_test\example_design\clock_test_rx_startup_fsm.v:]
WARNING: [filemgmt 56-199] Attempt to get parsing info during refresh. "On-the-fly" syntax checking information may be incorrect. [C:\Users\Kumar Lab\Desktop\Shannon\clock_test_ex\clock_test_ex.gen\sources_1\ip\clock_test\clock_test\example_design\clock_test_gt_frame_check.v:]
WARNING: [filemgmt 56-199] Attempt to get parsing info during refresh. "On-the-fly" syntax checking information may be incorrect. [C:\Users\Kumar Lab\Desktop\Shannon\clock_test_ex\clock_test_ex.srcs\sources_1\new\qwn_exdes.v:]
WARNING: [filemgmt 56-199] Attempt to get parsing info during refresh. "On-the-fly" syntax checking information may be incorrect. [C:\Users\Kumar Lab\Desktop\Shannon\clock_test_ex\clock_test_ex.gen\sources_1\ip\clock_test\clock_test\example_design\clock_test_rx_startup_fsm.v:]
WARNING: [filemgmt 56-199] Attempt to get parsing info during refresh. "On-the-fly" syntax checking information may be incorrect. [C:\Users\Kumar Lab\Desktop\Shannon\clock_test_ex\clock_test_ex.gen\sources_1\ip\clock_test\clock_test\example_design\clock_test_gt_frame_check.v:]
WARNING: [filemgmt 56-199] Attempt to get parsing info during refresh. "On-the-fly" syntax checking information may be incorrect. [C:\Users\Kumar Lab\Desktop\Shannon\clock_test_ex\clock_test_ex.srcs\sources_1\new\qwn_exdes.v:]
WARNING: [filemgmt 56-199] Attempt to get parsing info during refresh. "On-the-fly" syntax checking information may be incorrect. [C:\Users\Kumar Lab\Desktop\Shannon\clock_test_ex\clock_test_ex.gen\sources_1\ip\clock_test\clock_test\example_design\clock_test_rx_startup_fsm.v:]
WARNING: [filemgmt 56-199] Attempt to get parsing info during refresh. "On-the-fly" syntax checking information may be incorrect. [C:\Users\Kumar Lab\Desktop\Shannon\clock_test_ex\clock_test_ex.gen\sources_1\ip\clock_test\clock_test\example_design\clock_test_gt_frame_check.v:]
WARNING: [filemgmt 56-199] Attempt to get parsing info during refresh. "On-the-fly" syntax checking information may be incorrect. [C:\Users\Kumar Lab\Desktop\Shannon\clock_test_ex\clock_test_ex.srcs\sources_1\new\qwn_exdes.v:]
WARNING: [filemgmt 56-199] Attempt to get parsing info during refresh. "On-the-fly" syntax checking information may be incorrect. [C:\Users\Kumar Lab\Desktop\Shannon\clock_test_ex\clock_test_ex.gen\sources_1\ip\clock_test\clock_test\example_design\clock_test_rx_startup_fsm.v:]
WARNING: [filemgmt 56-199] Attempt to get parsing info during refresh. "On-the-fly" syntax checking information may be incorrect. [C:\Users\Kumar Lab\Desktop\Shannon\clock_test_ex\clock_test_ex.gen\sources_1\ip\clock_test\clock_test\example_design\clock_test_gt_frame_check.v:]
WARNING: [filemgmt 56-199] Attempt to get parsing info during refresh. "On-the-fly" syntax checking information may be incorrect. [C:\Users\Kumar Lab\Desktop\Shannon\clock_test_ex\clock_test_ex.srcs\sources_1\new\qwn_exdes.v:]
WARNING: [filemgmt 56-199] Attempt to get parsing info during refresh. "On-the-fly" syntax checking information may be incorrect. [C:\Users\Kumar Lab\Desktop\Shannon\clock_test_ex\clock_test_ex.gen\sources_1\ip\clock_test\clock_test\example_design\clock_test_rx_startup_fsm.v:]
WARNING: [filemgmt 56-199] Attempt to get parsing info during refresh. "On-the-fly" syntax checking information may be incorrect. [C:\Users\Kumar Lab\Desktop\Shannon\clock_test_ex\clock_test_ex.gen\sources_1\ip\clock_test\clock_test\example_design\clock_test_gt_frame_check.v:]
WARNING: [filemgmt 56-199] Attempt to get parsing info during refresh. "On-the-fly" syntax checking information may be incorrect. [C:\Users\Kumar Lab\Desktop\Shannon\clock_test_ex\clock_test_ex.srcs\sources_1\new\qwn_exdes.v:]
WARNING: [filemgmt 56-199] Attempt to get parsing info during refresh. "On-the-fly" syntax checking information may be incorrect. [C:\Users\Kumar Lab\Desktop\Shannon\clock_test_ex\clock_test_ex.gen\sources_1\ip\clock_test\clock_test\example_design\clock_test_rx_startup_fsm.v:]
WARNING: [filemgmt 56-199] Attempt to get parsing info during refresh. "On-the-fly" syntax checking information may be incorrect. [C:\Users\Kumar Lab\Desktop\Shannon\clock_test_ex\clock_test_ex.gen\sources_1\ip\clock_test\clock_test\example_design\clock_test_gt_frame_check.v:]
WARNING: [filemgmt 56-199] Attempt to get parsing info during refresh. "On-the-fly" syntax checking information may be incorrect. [C:\Users\Kumar Lab\Desktop\Shannon\clock_test_ex\clock_test_ex.srcs\sources_1\new\qwn_exdes.v:]
WARNING: [filemgmt 56-199] Attempt to get parsing info during refresh. "On-the-fly" syntax checking information may be incorrect. [C:\Users\Kumar Lab\Desktop\Shannon\clock_test_ex\clock_test_ex.gen\sources_1\ip\clock_test\clock_test\example_design\clock_test_rx_startup_fsm.v:]
WARNING: [filemgmt 56-199] Attempt to get parsing info during refresh. "On-the-fly" syntax checking information may be incorrect. [C:\Users\Kumar Lab\Desktop\Shannon\clock_test_ex\clock_test_ex.gen\sources_1\ip\clock_test\clock_test\example_design\clock_test_gt_frame_check.v:]
WARNING: [filemgmt 56-199] Attempt to get parsing info during refresh. "On-the-fly" syntax checking information may be incorrect. [C:\Users\Kumar Lab\Desktop\Shannon\clock_test_ex\clock_test_ex.srcs\sources_1\new\qwn_exdes.v:]
WARNING: [filemgmt 56-199] Attempt to get parsing info during refresh. "On-the-fly" syntax checking information may be incorrect. [C:\Users\Kumar Lab\Desktop\Shannon\clock_test_ex\clock_test_ex.gen\sources_1\ip\clock_test\clock_test\example_design\clock_test_rx_startup_fsm.v:]
WARNING: [filemgmt 56-199] Attempt to get parsing info during refresh. "On-the-fly" syntax checking information may be incorrect. [C:\Users\Kumar Lab\Desktop\Shannon\clock_test_ex\clock_test_ex.gen\sources_1\ip\clock_test\clock_test\example_design\clock_test_gt_frame_check.v:]
WARNING: [filemgmt 56-199] Attempt to get parsing info during refresh. "On-the-fly" syntax checking information may be incorrect. [C:\Users\Kumar Lab\Desktop\Shannon\clock_test_ex\clock_test_ex.srcs\sources_1\new\qwn_exdes.v:]
WARNING: [filemgmt 56-199] Attempt to get parsing info during refresh. "On-the-fly" syntax checking information may be incorrect. [C:\Users\Kumar Lab\Desktop\Shannon\clock_test_ex\clock_test_ex.gen\sources_1\ip\clock_test\clock_test\example_design\clock_test_rx_startup_fsm.v:]
WARNING: [filemgmt 56-199] Attempt to get parsing info during refresh. "On-the-fly" syntax checking information may be incorrect. [C:\Users\Kumar Lab\Desktop\Shannon\clock_test_ex\clock_test_ex.gen\sources_1\ip\clock_test\clock_test\example_design\clock_test_gt_frame_check.v:]
WARNING: [filemgmt 56-199] Attempt to get parsing info during refresh. "On-the-fly" syntax checking information may be incorrect. [C:\Users\Kumar Lab\Desktop\Shannon\clock_test_ex\clock_test_ex.srcs\sources_1\new\qwn_exdes.v:]
WARNING: [filemgmt 56-199] Attempt to get parsing info during refresh. "On-the-fly" syntax checking information may be incorrect. [C:\Users\Kumar Lab\Desktop\Shannon\clock_test_ex\clock_test_ex.gen\sources_1\ip\clock_test\clock_test\example_design\clock_test_rx_startup_fsm.v:]
WARNING: [filemgmt 56-199] Attempt to get parsing info during refresh. "On-the-fly" syntax checking information may be incorrect. [C:\Users\Kumar Lab\Desktop\Shannon\clock_test_ex\clock_test_ex.gen\sources_1\ip\clock_test\clock_test\example_design\clock_test_gt_frame_check.v:]
WARNING: [filemgmt 56-199] Attempt to get parsing info during refresh. "On-the-fly" syntax checking information may be incorrect. [C:\Users\Kumar Lab\Desktop\Shannon\clock_test_ex\clock_test_ex.srcs\sources_1\new\qwn_exdes.v:]
WARNING: [filemgmt 56-199] Attempt to get parsing info during refresh. "On-the-fly" syntax checking information may be incorrect. [C:\Users\Kumar Lab\Desktop\Shannon\clock_test_ex\clock_test_ex.gen\sources_1\ip\clock_test\clock_test\example_design\clock_test_rx_startup_fsm.v:]
WARNING: [filemgmt 56-199] Attempt to get parsing info during refresh. "On-the-fly" syntax checking information may be incorrect. [C:\Users\Kumar Lab\Desktop\Shannon\clock_test_ex\clock_test_ex.gen\sources_1\ip\clock_test\clock_test\example_design\clock_test_gt_frame_check.v:]
WARNING: [filemgmt 56-199] Attempt to get parsing info during refresh. "On-the-fly" syntax checking information may be incorrect. [C:\Users\Kumar Lab\Desktop\Shannon\clock_test_ex\clock_test_ex.srcs\sources_1\new\qwn_exdes.v:]
WARNING: [filemgmt 56-199] Attempt to get parsing info during refresh. "On-the-fly" syntax checking information may be incorrect. [C:\Users\Kumar Lab\Desktop\Shannon\clock_test_ex\clock_test_ex.gen\sources_1\ip\clock_test\clock_test\example_design\clock_test_rx_startup_fsm.v:]
WARNING: [filemgmt 56-199] Attempt to get parsing info during refresh. "On-the-fly" syntax checking information may be incorrect. [C:\Users\Kumar Lab\Desktop\Shannon\clock_test_ex\clock_test_ex.gen\sources_1\ip\clock_test\clock_test\example_design\clock_test_gt_frame_check.v:]
WARNING: [filemgmt 56-199] Attempt to get parsing info during refresh. "On-the-fly" syntax checking information may be incorrect. [C:\Users\Kumar Lab\Desktop\Shannon\clock_test_ex\clock_test_ex.srcs\sources_1\new\qwn_exdes.v:]
WARNING: [filemgmt 56-199] Attempt to get parsing info during refresh. "On-the-fly" syntax checking information may be incorrect. [C:\Users\Kumar Lab\Desktop\Shannon\clock_test_ex\clock_test_ex.gen\sources_1\ip\clock_test\clock_test\example_design\clock_test_rx_startup_fsm.v:]
WARNING: [filemgmt 56-199] Attempt to get parsing info during refresh. "On-the-fly" syntax checking information may be incorrect. [C:\Users\Kumar Lab\Desktop\Shannon\clock_test_ex\clock_test_ex.gen\sources_1\ip\clock_test\clock_test\example_design\clock_test_gt_frame_check.v:]
WARNING: [filemgmt 56-199] Attempt to get parsing info during refresh. "On-the-fly" syntax checking information may be incorrect. [C:\Users\Kumar Lab\Desktop\Shannon\clock_test_ex\clock_test_ex.srcs\sources_1\new\qwn_exdes.v:]
WARNING: [filemgmt 56-199] Attempt to get parsing info during refresh. "On-the-fly" syntax checking information may be incorrect. [C:\Users\Kumar Lab\Desktop\Shannon\clock_test_ex\clock_test_ex.gen\sources_1\ip\clock_test\clock_test\example_design\clock_test_rx_startup_fsm.v:]
WARNING: [filemgmt 56-199] Attempt to get parsing info during refresh. "On-the-fly" syntax checking information may be incorrect. [C:\Users\Kumar Lab\Desktop\Shannon\clock_test_ex\clock_test_ex.gen\sources_1\ip\clock_test\clock_test\example_design\clock_test_gt_frame_check.v:]
WARNING: [filemgmt 56-199] Attempt to get parsing info during refresh. "On-the-fly" syntax checking information may be incorrect. [C:\Users\Kumar Lab\Desktop\Shannon\clock_test_ex\clock_test_ex.srcs\sources_1\new\qwn_exdes.v:]
WARNING: [filemgmt 56-199] Attempt to get parsing info during refresh. "On-the-fly" syntax checking information may be incorrect. [C:\Users\Kumar Lab\Desktop\Shannon\clock_test_ex\clock_test_ex.gen\sources_1\ip\clock_test\clock_test\example_design\clock_test_rx_startup_fsm.v:]
WARNING: [filemgmt 56-199] Attempt to get parsing info during refresh. "On-the-fly" syntax checking information may be incorrect. [C:\Users\Kumar Lab\Desktop\Shannon\clock_test_ex\clock_test_ex.gen\sources_1\ip\clock_test\clock_test\example_design\clock_test_gt_frame_check.v:]
WARNING: [filemgmt 56-199] Attempt to get parsing info during refresh. "On-the-fly" syntax checking information may be incorrect. [C:\Users\Kumar Lab\Desktop\Shannon\clock_test_ex\clock_test_ex.srcs\sources_1\new\qwn_exdes.v:]
WARNING: [filemgmt 56-199] Attempt to get parsing info during refresh. "On-the-fly" syntax checking information may be incorrect. [C:\Users\Kumar Lab\Desktop\Shannon\clock_test_ex\clock_test_ex.gen\sources_1\ip\clock_test\clock_test\example_design\clock_test_rx_startup_fsm.v:]
WARNING: [filemgmt 56-199] Attempt to get parsing info during refresh. "On-the-fly" syntax checking information may be incorrect. [C:\Users\Kumar Lab\Desktop\Shannon\clock_test_ex\clock_test_ex.gen\sources_1\ip\clock_test\clock_test\example_design\clock_test_gt_frame_check.v:]
WARNING: [filemgmt 56-199] Attempt to get parsing info during refresh. "On-the-fly" syntax checking information may be incorrect. [C:\Users\Kumar Lab\Desktop\Shannon\clock_test_ex\clock_test_ex.srcs\sources_1\new\qwn_exdes.v:]
WARNING: [filemgmt 56-199] Attempt to get parsing info during refresh. "On-the-fly" syntax checking information may be incorrect. [C:\Users\Kumar Lab\Desktop\Shannon\clock_test_ex\clock_test_ex.gen\sources_1\ip\clock_test\clock_test\example_design\clock_test_rx_startup_fsm.v:]
WARNING: [filemgmt 56-199] Attempt to get parsing info during refresh. "On-the-fly" syntax checking information may be incorrect. [C:\Users\Kumar Lab\Desktop\Shannon\clock_test_ex\clock_test_ex.gen\sources_1\ip\clock_test\clock_test\example_design\clock_test_gt_frame_check.v:]
WARNING: [filemgmt 56-199] Attempt to get parsing info during refresh. "On-the-fly" syntax checking information may be incorrect. [C:\Users\Kumar Lab\Desktop\Shannon\clock_test_ex\clock_test_ex.srcs\sources_1\new\qwn_exdes.v:]
WARNING: [filemgmt 56-199] Attempt to get parsing info during refresh. "On-the-fly" syntax checking information may be incorrect. [C:\Users\Kumar Lab\Desktop\Shannon\clock_test_ex\clock_test_ex.gen\sources_1\ip\clock_test\clock_test\example_design\clock_test_rx_startup_fsm.v:]
WARNING: [filemgmt 56-199] Attempt to get parsing info during refresh. "On-the-fly" syntax checking information may be incorrect. [C:\Users\Kumar Lab\Desktop\Shannon\clock_test_ex\clock_test_ex.gen\sources_1\ip\clock_test\clock_test\example_design\clock_test_gt_frame_check.v:]
WARNING: [filemgmt 56-199] Attempt to get parsing info during refresh. "On-the-fly" syntax checking information may be incorrect. [C:\Users\Kumar Lab\Desktop\Shannon\clock_test_ex\clock_test_ex.srcs\sources_1\new\qwn_exdes.v:]
WARNING: [filemgmt 56-199] Attempt to get parsing info during refresh. "On-the-fly" syntax checking information may be incorrect. [C:\Users\Kumar Lab\Desktop\Shannon\clock_test_ex\clock_test_ex.gen\sources_1\ip\clock_test\clock_test\example_design\clock_test_rx_startup_fsm.v:]
WARNING: [filemgmt 56-199] Attempt to get parsing info during refresh. "On-the-fly" syntax checking information may be incorrect. [C:\Users\Kumar Lab\Desktop\Shannon\clock_test_ex\clock_test_ex.gen\sources_1\ip\clock_test\clock_test\example_design\clock_test_gt_frame_check.v:]
WARNING: [filemgmt 56-199] Attempt to get parsing info during refresh. "On-the-fly" syntax checking information may be incorrect. [C:\Users\Kumar Lab\Desktop\Shannon\clock_test_ex\clock_test_ex.srcs\sources_1\new\qwn_exdes.v:]
WARNING: [filemgmt 56-199] Attempt to get parsing info during refresh. "On-the-fly" syntax checking information may be incorrect. [C:\Users\Kumar Lab\Desktop\Shannon\clock_test_ex\clock_test_ex.gen\sources_1\ip\clock_test\clock_test\example_design\clock_test_rx_startup_fsm.v:]
WARNING: [filemgmt 56-199] Attempt to get parsing info during refresh. "On-the-fly" syntax checking information may be incorrect. [C:\Users\Kumar Lab\Desktop\Shannon\clock_test_ex\clock_test_ex.gen\sources_1\ip\clock_test\clock_test\example_design\clock_test_gt_frame_check.v:]
WARNING: [filemgmt 56-199] Attempt to get parsing info during refresh. "On-the-fly" syntax checking information may be incorrect. [C:\Users\Kumar Lab\Desktop\Shannon\clock_test_ex\clock_test_ex.srcs\sources_1\new\qwn_exdes.v:]
WARNING: [filemgmt 56-199] Attempt to get parsing info during refresh. "On-the-fly" syntax checking information may be incorrect. [C:\Users\Kumar Lab\Desktop\Shannon\clock_test_ex\clock_test_ex.gen\sources_1\ip\clock_test\clock_test\example_design\clock_test_rx_startup_fsm.v:]
WARNING: [filemgmt 56-199] Attempt to get parsing info during refresh. "On-the-fly" syntax checking information may be incorrect. [C:\Users\Kumar Lab\Desktop\Shannon\clock_test_ex\clock_test_ex.gen\sources_1\ip\clock_test\clock_test\example_design\clock_test_gt_frame_check.v:]
WARNING: [filemgmt 56-199] Attempt to get parsing info during refresh. "On-the-fly" syntax checking information may be incorrect. [C:\Users\Kumar Lab\Desktop\Shannon\clock_test_ex\clock_test_ex.srcs\sources_1\new\qwn_exdes.v:]
WARNING: [filemgmt 56-199] Attempt to get parsing info during refresh. "On-the-fly" syntax checking information may be incorrect. [C:\Users\Kumar Lab\Desktop\Shannon\clock_test_ex\clock_test_ex.gen\sources_1\ip\clock_test\clock_test\example_design\clock_test_rx_startup_fsm.v:]
WARNING: [filemgmt 56-199] Attempt to get parsing info during refresh. "On-the-fly" syntax checking information may be incorrect. [C:\Users\Kumar Lab\Desktop\Shannon\clock_test_ex\clock_test_ex.gen\sources_1\ip\clock_test\clock_test\example_design\clock_test_gt_frame_check.v:]
WARNING: [filemgmt 56-199] Attempt to get parsing info during refresh. "On-the-fly" syntax checking information may be incorrect. [C:\Users\Kumar Lab\Desktop\Shannon\clock_test_ex\clock_test_ex.srcs\sources_1\new\qwn_exdes.v:]
WARNING: [filemgmt 56-199] Attempt to get parsing info during refresh. "On-the-fly" syntax checking information may be incorrect. [C:\Users\Kumar Lab\Desktop\Shannon\clock_test_ex\clock_test_ex.gen\sources_1\ip\clock_test\clock_test\example_design\clock_test_rx_startup_fsm.v:]
WARNING: [filemgmt 56-199] Attempt to get parsing info during refresh. "On-the-fly" syntax checking information may be incorrect. [C:\Users\Kumar Lab\Desktop\Shannon\clock_test_ex\clock_test_ex.gen\sources_1\ip\clock_test\clock_test\example_design\clock_test_gt_frame_check.v:]
WARNING: [filemgmt 56-199] Attempt to get parsing info during refresh. "On-the-fly" syntax checking information may be incorrect. [C:\Users\Kumar Lab\Desktop\Shannon\clock_test_ex\clock_test_ex.srcs\sources_1\new\qwn_exdes.v:]
WARNING: [filemgmt 56-199] Attempt to get parsing info during refresh. "On-the-fly" syntax checking information may be incorrect. [C:\Users\Kumar Lab\Desktop\Shannon\clock_test_ex\clock_test_ex.gen\sources_1\ip\clock_test\clock_test\example_design\clock_test_rx_startup_fsm.v:]
WARNING: [filemgmt 56-199] Attempt to get parsing info during refresh. "On-the-fly" syntax checking information may be incorrect. [C:\Users\Kumar Lab\Desktop\Shannon\clock_test_ex\clock_test_ex.gen\sources_1\ip\clock_test\clock_test\example_design\clock_test_gt_frame_check.v:]
WARNING: [filemgmt 56-199] Attempt to get parsing info during refresh. "On-the-fly" syntax checking information may be incorrect. [C:\Users\Kumar Lab\Desktop\Shannon\clock_test_ex\clock_test_ex.srcs\sources_1\new\qwn_exdes.v:]
WARNING: [filemgmt 56-199] Attempt to get parsing info during refresh. "On-the-fly" syntax checking information may be incorrect. [C:\Users\Kumar Lab\Desktop\Shannon\clock_test_ex\clock_test_ex.gen\sources_1\ip\clock_test\clock_test\example_design\clock_test_rx_startup_fsm.v:]
WARNING: [filemgmt 56-199] Attempt to get parsing info during refresh. "On-the-fly" syntax checking information may be incorrect. [C:\Users\Kumar Lab\Desktop\Shannon\clock_test_ex\clock_test_ex.gen\sources_1\ip\clock_test\clock_test\example_design\clock_test_gt_frame_check.v:]
WARNING: [filemgmt 56-199] Attempt to get parsing info during refresh. "On-the-fly" syntax checking information may be incorrect. [C:\Users\Kumar Lab\Desktop\Shannon\clock_test_ex\clock_test_ex.srcs\sources_1\new\qwn_exdes.v:]
WARNING: [filemgmt 56-199] Attempt to get parsing info during refresh. "On-the-fly" syntax checking information may be incorrect. [C:\Users\Kumar Lab\Desktop\Shannon\clock_test_ex\clock_test_ex.gen\sources_1\ip\clock_test\clock_test\example_design\clock_test_rx_startup_fsm.v:]
WARNING: [filemgmt 56-199] Attempt to get parsing info during refresh. "On-the-fly" syntax checking information may be incorrect. [C:\Users\Kumar Lab\Desktop\Shannon\clock_test_ex\clock_test_ex.gen\sources_1\ip\clock_test\clock_test\example_design\clock_test_gt_frame_check.v:]
WARNING: [filemgmt 56-199] Attempt to get parsing info during refresh. "On-the-fly" syntax checking information may be incorrect. [C:\Users\Kumar Lab\Desktop\Shannon\clock_test_ex\clock_test_ex.srcs\sources_1\new\qwn_exdes.v:]
WARNING: [filemgmt 56-199] Attempt to get parsing info during refresh. "On-the-fly" syntax checking information may be incorrect. [C:\Users\Kumar Lab\Desktop\Shannon\clock_test_ex\clock_test_ex.gen\sources_1\ip\clock_test\clock_test\example_design\clock_test_rx_startup_fsm.v:]
WARNING: [filemgmt 56-199] Attempt to get parsing info during refresh. "On-the-fly" syntax checking information may be incorrect. [C:\Users\Kumar Lab\Desktop\Shannon\clock_test_ex\clock_test_ex.gen\sources_1\ip\clock_test\clock_test\example_design\clock_test_gt_frame_check.v:]
WARNING: [filemgmt 56-199] Attempt to get parsing info during refresh. "On-the-fly" syntax checking information may be incorrect. [C:\Users\Kumar Lab\Desktop\Shannon\clock_test_ex\clock_test_ex.srcs\sources_1\new\qwn_exdes.v:]
WARNING: [filemgmt 56-199] Attempt to get parsing info during refresh. "On-the-fly" syntax checking information may be incorrect. [C:\Users\Kumar Lab\Desktop\Shannon\clock_test_ex\clock_test_ex.gen\sources_1\ip\clock_test\clock_test\example_design\clock_test_rx_startup_fsm.v:]
WARNING: [filemgmt 56-199] Attempt to get parsing info during refresh. "On-the-fly" syntax checking information may be incorrect. [C:\Users\Kumar Lab\Desktop\Shannon\clock_test_ex\clock_test_ex.gen\sources_1\ip\clock_test\clock_test\example_design\clock_test_gt_frame_check.v:]
WARNING: [filemgmt 56-199] Attempt to get parsing info during refresh. "On-the-fly" syntax checking information may be incorrect. [C:\Users\Kumar Lab\Desktop\Shannon\clock_test_ex\clock_test_ex.srcs\sources_1\new\qwn_exdes.v:]
WARNING: [filemgmt 56-199] Attempt to get parsing info during refresh. "On-the-fly" syntax checking information may be incorrect. [C:\Users\Kumar Lab\Desktop\Shannon\clock_test_ex\clock_test_ex.gen\sources_1\ip\clock_test\clock_test\example_design\clock_test_rx_startup_fsm.v:]
WARNING: [filemgmt 56-199] Attempt to get parsing info during refresh. "On-the-fly" syntax checking information may be incorrect. [C:\Users\Kumar Lab\Desktop\Shannon\clock_test_ex\clock_test_ex.gen\sources_1\ip\clock_test\clock_test\example_design\clock_test_gt_frame_check.v:]
WARNING: [filemgmt 56-199] Attempt to get parsing info during refresh. "On-the-fly" syntax checking information may be incorrect. [C:\Users\Kumar Lab\Desktop\Shannon\clock_test_ex\clock_test_ex.srcs\sources_1\new\qwn_exdes.v:]
WARNING: [filemgmt 56-199] Attempt to get parsing info during refresh. "On-the-fly" syntax checking information may be incorrect. [C:\Users\Kumar Lab\Desktop\Shannon\clock_test_ex\clock_test_ex.gen\sources_1\ip\clock_test\clock_test\example_design\clock_test_rx_startup_fsm.v:]
WARNING: [filemgmt 56-199] Attempt to get parsing info during refresh. "On-the-fly" syntax checking information may be incorrect. [C:\Users\Kumar Lab\Desktop\Shannon\clock_test_ex\clock_test_ex.gen\sources_1\ip\clock_test\clock_test\example_design\clock_test_gt_frame_check.v:]
WARNING: [filemgmt 56-199] Attempt to get parsing info during refresh. "On-the-fly" syntax checking information may be incorrect. [C:\Users\Kumar Lab\Desktop\Shannon\clock_test_ex\clock_test_ex.srcs\sources_1\new\qwn_exdes.v:]
WARNING: [filemgmt 56-199] Attempt to get parsing info during refresh. "On-the-fly" syntax checking information may be incorrect. [C:\Users\Kumar Lab\Desktop\Shannon\clock_test_ex\clock_test_ex.gen\sources_1\ip\clock_test\clock_test\example_design\clock_test_rx_startup_fsm.v:]
WARNING: [filemgmt 56-199] Attempt to get parsing info during refresh. "On-the-fly" syntax checking information may be incorrect. [C:\Users\Kumar Lab\Desktop\Shannon\clock_test_ex\clock_test_ex.gen\sources_1\ip\clock_test\clock_test\example_design\clock_test_gt_frame_check.v:]
WARNING: [filemgmt 56-199] Attempt to get parsing info during refresh. "On-the-fly" syntax checking information may be incorrect. [C:\Users\Kumar Lab\Desktop\Shannon\clock_test_ex\clock_test_ex.srcs\sources_1\new\qwn_exdes.v:]
ERROR: [Common 17-180] Spawn failed: No error
WARNING: [filemgmt 56-199] Attempt to get parsing info during refresh. "On-the-fly" syntax checking information may be incorrect. [C:\Users\Kumar Lab\Desktop\Shannon\clock_test_ex\clock_test_ex.gen\sources_1\ip\clock_test\clock_test\example_design\clock_test_rx_startup_fsm.v:]
WARNING: [filemgmt 56-199] Attempt to get parsing info during refresh. "On-the-fly" syntax checking information may be incorrect. [C:\Users\Kumar Lab\Desktop\Shannon\clock_test_ex\clock_test_ex.gen\sources_1\ip\clock_test\clock_test\example_design\clock_test_gt_frame_check.v:]
WARNING: [filemgmt 56-199] Attempt to get parsing info during refresh. "On-the-fly" syntax checking information may be incorrect. [C:\Users\Kumar Lab\Desktop\Shannon\clock_test_ex\clock_test_ex.srcs\sources_1\new\qwn_exdes.v:]
ERROR: [Common 17-180] Spawn failed: No error
WARNING: [filemgmt 56-199] Attempt to get parsing info during refresh. "On-the-fly" syntax checking information may be incorrect. [C:\Users\Kumar Lab\Desktop\Shannon\clock_test_ex\clock_test_ex.gen\sources_1\ip\clock_test\clock_test\example_design\clock_test_rx_startup_fsm.v:]
WARNING: [filemgmt 56-199] Attempt to get parsing info during refresh. "On-the-fly" syntax checking information may be incorrect. [C:\Users\Kumar Lab\Desktop\Shannon\clock_test_ex\clock_test_ex.gen\sources_1\ip\clock_test\clock_test\example_design\clock_test_gt_frame_check.v:]
WARNING: [filemgmt 56-199] Attempt to get parsing info during refresh. "On-the-fly" syntax checking information may be incorrect. [C:\Users\Kumar Lab\Desktop\Shannon\clock_test_ex\clock_test_ex.srcs\sources_1\new\qwn_exdes.v:]
WARNING: [filemgmt 56-199] Attempt to get parsing info during refresh. "On-the-fly" syntax checking information may be incorrect. [C:\Users\Kumar Lab\Desktop\Shannon\clock_test_ex\clock_test_ex.gen\sources_1\ip\clock_test\clock_test\example_design\clock_test_rx_startup_fsm.v:]
WARNING: [filemgmt 56-199] Attempt to get parsing info during refresh. "On-the-fly" syntax checking information may be incorrect. [C:\Users\Kumar Lab\Desktop\Shannon\clock_test_ex\clock_test_ex.gen\sources_1\ip\clock_test\clock_test\example_design\clock_test_gt_frame_check.v:]
WARNING: [filemgmt 56-199] Attempt to get parsing info during refresh. "On-the-fly" syntax checking information may be incorrect. [C:\Users\Kumar Lab\Desktop\Shannon\clock_test_ex\clock_test_ex.srcs\sources_1\new\qwn_exdes.v:]
WARNING: [filemgmt 56-199] Attempt to get parsing info during refresh. "On-the-fly" syntax checking information may be incorrect. [C:\Users\Kumar Lab\Desktop\Shannon\clock_test_ex\clock_test_ex.gen\sources_1\ip\clock_test\clock_test\example_design\clock_test_rx_startup_fsm.v:]
WARNING: [filemgmt 56-199] Attempt to get parsing info during refresh. "On-the-fly" syntax checking information may be incorrect. [C:\Users\Kumar Lab\Desktop\Shannon\clock_test_ex\clock_test_ex.gen\sources_1\ip\clock_test\clock_test\example_design\clock_test_gt_frame_check.v:]
WARNING: [filemgmt 56-199] Attempt to get parsing info during refresh. "On-the-fly" syntax checking information may be incorrect. [C:\Users\Kumar Lab\Desktop\Shannon\clock_test_ex\clock_test_ex.srcs\sources_1\new\qwn_exdes.v:]
WARNING: [filemgmt 56-199] Attempt to get parsing info during refresh. "On-the-fly" syntax checking information may be incorrect. [C:\Users\Kumar Lab\Desktop\Shannon\clock_test_ex\clock_test_ex.gen\sources_1\ip\clock_test\clock_test\example_design\clock_test_rx_startup_fsm.v:]
WARNING: [filemgmt 56-199] Attempt to get parsing info during refresh. "On-the-fly" syntax checking information may be incorrect. [C:\Users\Kumar Lab\Desktop\Shannon\clock_test_ex\clock_test_ex.gen\sources_1\ip\clock_test\clock_test\example_design\clock_test_gt_frame_check.v:]
WARNING: [filemgmt 56-199] Attempt to get parsing info during refresh. "On-the-fly" syntax checking information may be incorrect. [C:\Users\Kumar Lab\Desktop\Shannon\clock_test_ex\clock_test_ex.srcs\sources_1\new\qwn_exdes.v:]
WARNING: [filemgmt 56-199] Attempt to get parsing info during refresh. "On-the-fly" syntax checking information may be incorrect. [C:\Users\Kumar Lab\Desktop\Shannon\clock_test_ex\clock_test_ex.gen\sources_1\ip\clock_test\clock_test\example_design\clock_test_rx_startup_fsm.v:]
WARNING: [filemgmt 56-199] Attempt to get parsing info during refresh. "On-the-fly" syntax checking information may be incorrect. [C:\Users\Kumar Lab\Desktop\Shannon\clock_test_ex\clock_test_ex.gen\sources_1\ip\clock_test\clock_test\example_design\clock_test_gt_frame_check.v:]
WARNING: [filemgmt 56-199] Attempt to get parsing info during refresh. "On-the-fly" syntax checking information may be incorrect. [C:\Users\Kumar Lab\Desktop\Shannon\clock_test_ex\clock_test_ex.srcs\sources_1\new\qwn_exdes.v:]
WARNING: [Common 17-9] Error reading message records.
WARNING: [Common 17-9] Error reading message records.
WARNING: [Common 17-9] Error reading message records.
WARNING: [Common 17-9] Error reading message records.
WARNING: [Common 17-9] Error reading message records.
WARNING: [Common 17-9] Error reading message records.
WARNING: [Common 17-9] Error reading message records.
WARNING: [Common 17-9] Error reading message records.
WARNING: [filemgmt 56-199] Attempt to get parsing info during refresh. "On-the-fly" syntax checking information may be incorrect. [C:\Users\Kumar Lab\Desktop\Shannon\clock_test_ex\clock_test_ex.gen\sources_1\ip\clock_test\clock_test\example_design\clock_test_rx_startup_fsm.v:]
WARNING: [filemgmt 56-199] Attempt to get parsing info during refresh. "On-the-fly" syntax checking information may be incorrect. [C:\Users\Kumar Lab\Desktop\Shannon\clock_test_ex\clock_test_ex.gen\sources_1\ip\clock_test\clock_test\example_design\clock_test_gt_frame_check.v:]
WARNING: [filemgmt 56-199] Attempt to get parsing info during refresh. "On-the-fly" syntax checking information may be incorrect. [C:\Users\Kumar Lab\Desktop\Shannon\clock_test_ex\clock_test_ex.srcs\sources_1\new\qwn_exdes.v:]
WARNING: [filemgmt 56-199] Attempt to get parsing info during refresh. "On-the-fly" syntax checking information may be incorrect. [C:\Users\Kumar Lab\Desktop\Shannon\clock_test_ex\clock_test_ex.gen\sources_1\ip\clock_test\clock_test\example_design\clock_test_rx_startup_fsm.v:]
WARNING: [filemgmt 56-199] Attempt to get parsing info during refresh. "On-the-fly" syntax checking information may be incorrect. [C:\Users\Kumar Lab\Desktop\Shannon\clock_test_ex\clock_test_ex.gen\sources_1\ip\clock_test\clock_test\example_design\clock_test_gt_frame_check.v:]
WARNING: [filemgmt 56-199] Attempt to get parsing info during refresh. "On-the-fly" syntax checking information may be incorrect. [C:\Users\Kumar Lab\Desktop\Shannon\clock_test_ex\clock_test_ex.srcs\sources_1\new\qwn_exdes.v:]
WARNING: [filemgmt 56-199] Attempt to get parsing info during refresh. "On-the-fly" syntax checking information may be incorrect. [C:\Users\Kumar Lab\Desktop\Shannon\clock_test_ex\clock_test_ex.gen\sources_1\ip\clock_test\clock_test\example_design\clock_test_rx_startup_fsm.v:]
WARNING: [filemgmt 56-199] Attempt to get parsing info during refresh. "On-the-fly" syntax checking information may be incorrect. [C:\Users\Kumar Lab\Desktop\Shannon\clock_test_ex\clock_test_ex.gen\sources_1\ip\clock_test\clock_test\example_design\clock_test_gt_frame_check.v:]
WARNING: [filemgmt 56-199] Attempt to get parsing info during refresh. "On-the-fly" syntax checking information may be incorrect. [C:\Users\Kumar Lab\Desktop\Shannon\clock_test_ex\clock_test_ex.srcs\sources_1\new\qwn_exdes.v:]
WARNING: [filemgmt 56-199] Attempt to get parsing info during refresh. "On-the-fly" syntax checking information may be incorrect. [C:\Users\Kumar Lab\Desktop\Shannon\clock_test_ex\clock_test_ex.gen\sources_1\ip\clock_test\clock_test\example_design\clock_test_rx_startup_fsm.v:]
WARNING: [filemgmt 56-199] Attempt to get parsing info during refresh. "On-the-fly" syntax checking information may be incorrect. [C:\Users\Kumar Lab\Desktop\Shannon\clock_test_ex\clock_test_ex.gen\sources_1\ip\clock_test\clock_test\example_design\clock_test_gt_frame_check.v:]
WARNING: [filemgmt 56-199] Attempt to get parsing info during refresh. "On-the-fly" syntax checking information may be incorrect. [C:\Users\Kumar Lab\Desktop\Shannon\clock_test_ex\clock_test_ex.srcs\sources_1\new\qwn_exdes.v:]
WARNING: [filemgmt 56-199] Attempt to get parsing info during refresh. "On-the-fly" syntax checking information may be incorrect. [C:\Users\Kumar Lab\Desktop\Shannon\clock_test_ex\clock_test_ex.gen\sources_1\ip\clock_test\clock_test\example_design\clock_test_rx_startup_fsm.v:]
WARNING: [filemgmt 56-199] Attempt to get parsing info during refresh. "On-the-fly" syntax checking information may be incorrect. [C:\Users\Kumar Lab\Desktop\Shannon\clock_test_ex\clock_test_ex.gen\sources_1\ip\clock_test\clock_test\example_design\clock_test_gt_frame_check.v:]
WARNING: [filemgmt 56-199] Attempt to get parsing info during refresh. "On-the-fly" syntax checking information may be incorrect. [C:\Users\Kumar Lab\Desktop\Shannon\clock_test_ex\clock_test_ex.srcs\sources_1\new\qwn_exdes.v:]
ERROR: [Common 17-180] Spawn failed: No error
WARNING: [filemgmt 56-199] Attempt to get parsing info during refresh. "On-the-fly" syntax checking information may be incorrect. [C:\Users\Kumar Lab\Desktop\Shannon\clock_test_ex\clock_test_ex.gen\sources_1\ip\clock_test\clock_test\example_design\clock_test_rx_startup_fsm.v:]
WARNING: [filemgmt 56-199] Attempt to get parsing info during refresh. "On-the-fly" syntax checking information may be incorrect. [C:\Users\Kumar Lab\Desktop\Shannon\clock_test_ex\clock_test_ex.gen\sources_1\ip\clock_test\clock_test\example_design\clock_test_gt_frame_check.v:]
WARNING: [filemgmt 56-199] Attempt to get parsing info during refresh. "On-the-fly" syntax checking information may be incorrect. [C:\Users\Kumar Lab\Desktop\Shannon\clock_test_ex\clock_test_ex.srcs\sources_1\new\qwn_exdes.v:]
WARNING: [filemgmt 56-199] Attempt to get parsing info during refresh. "On-the-fly" syntax checking information may be incorrect. [C:\Users\Kumar Lab\Desktop\Shannon\clock_test_ex\clock_test_ex.gen\sources_1\ip\clock_test\clock_test\example_design\clock_test_rx_startup_fsm.v:]
WARNING: [filemgmt 56-199] Attempt to get parsing info during refresh. "On-the-fly" syntax checking information may be incorrect. [C:\Users\Kumar Lab\Desktop\Shannon\clock_test_ex\clock_test_ex.gen\sources_1\ip\clock_test\clock_test\example_design\clock_test_gt_frame_check.v:]
WARNING: [filemgmt 56-199] Attempt to get parsing info during refresh. "On-the-fly" syntax checking information may be incorrect. [C:\Users\Kumar Lab\Desktop\Shannon\clock_test_ex\clock_test_ex.srcs\sources_1\new\qwn_exdes.v:]
WARNING: [filemgmt 56-199] Attempt to get parsing info during refresh. "On-the-fly" syntax checking information may be incorrect. [C:\Users\Kumar Lab\Desktop\Shannon\clock_test_ex\clock_test_ex.gen\sources_1\ip\clock_test\clock_test\example_design\clock_test_rx_startup_fsm.v:]
WARNING: [filemgmt 56-199] Attempt to get parsing info during refresh. "On-the-fly" syntax checking information may be incorrect. [C:\Users\Kumar Lab\Desktop\Shannon\clock_test_ex\clock_test_ex.gen\sources_1\ip\clock_test\clock_test\example_design\clock_test_gt_frame_check.v:]
WARNING: [filemgmt 56-199] Attempt to get parsing info during refresh. "On-the-fly" syntax checking information may be incorrect. [C:\Users\Kumar Lab\Desktop\Shannon\clock_test_ex\clock_test_ex.srcs\sources_1\new\qwn_exdes.v:]
WARNING: [filemgmt 56-199] Attempt to get parsing info during refresh. "On-the-fly" syntax checking information may be incorrect. [C:\Users\Kumar Lab\Desktop\Shannon\clock_test_ex\clock_test_ex.gen\sources_1\ip\clock_test\clock_test\example_design\clock_test_rx_startup_fsm.v:]
WARNING: [filemgmt 56-199] Attempt to get parsing info during refresh. "On-the-fly" syntax checking information may be incorrect. [C:\Users\Kumar Lab\Desktop\Shannon\clock_test_ex\clock_test_ex.gen\sources_1\ip\clock_test\clock_test\example_design\clock_test_gt_frame_check.v:]
WARNING: [filemgmt 56-199] Attempt to get parsing info during refresh. "On-the-fly" syntax checking information may be incorrect. [C:\Users\Kumar Lab\Desktop\Shannon\clock_test_ex\clock_test_ex.srcs\sources_1\new\qwn_exdes.v:]
WARNING: [filemgmt 56-199] Attempt to get parsing info during refresh. "On-the-fly" syntax checking information may be incorrect. [C:\Users\Kumar Lab\Desktop\Shannon\clock_test_ex\clock_test_ex.gen\sources_1\ip\clock_test\clock_test\example_design\clock_test_rx_startup_fsm.v:]
WARNING: [filemgmt 56-199] Attempt to get parsing info during refresh. "On-the-fly" syntax checking information may be incorrect. [C:\Users\Kumar Lab\Desktop\Shannon\clock_test_ex\clock_test_ex.gen\sources_1\ip\clock_test\clock_test\example_design\clock_test_gt_frame_check.v:]
WARNING: [filemgmt 56-199] Attempt to get parsing info during refresh. "On-the-fly" syntax checking information may be incorrect. [C:\Users\Kumar Lab\Desktop\Shannon\clock_test_ex\clock_test_ex.srcs\sources_1\new\qwn_exdes.v:]
WARNING: [filemgmt 56-199] Attempt to get parsing info during refresh. "On-the-fly" syntax checking information may be incorrect. [C:\Users\Kumar Lab\Desktop\Shannon\clock_test_ex\clock_test_ex.gen\sources_1\ip\clock_test\clock_test\example_design\clock_test_rx_startup_fsm.v:]
WARNING: [filemgmt 56-199] Attempt to get parsing info during refresh. "On-the-fly" syntax checking information may be incorrect. [C:\Users\Kumar Lab\Desktop\Shannon\clock_test_ex\clock_test_ex.gen\sources_1\ip\clock_test\clock_test\example_design\clock_test_gt_frame_check.v:]
WARNING: [filemgmt 56-199] Attempt to get parsing info during refresh. "On-the-fly" syntax checking information may be incorrect. [C:\Users\Kumar Lab\Desktop\Shannon\clock_test_ex\clock_test_ex.srcs\sources_1\new\qwn_exdes.v:]
WARNING: [filemgmt 56-199] Attempt to get parsing info during refresh. "On-the-fly" syntax checking information may be incorrect. [C:\Users\Kumar Lab\Desktop\Shannon\clock_test_ex\clock_test_ex.gen\sources_1\ip\clock_test\clock_test\example_design\clock_test_rx_startup_fsm.v:]
WARNING: [filemgmt 56-199] Attempt to get parsing info during refresh. "On-the-fly" syntax checking information may be incorrect. [C:\Users\Kumar Lab\Desktop\Shannon\clock_test_ex\clock_test_ex.gen\sources_1\ip\clock_test\clock_test\example_design\clock_test_gt_frame_check.v:]
WARNING: [filemgmt 56-199] Attempt to get parsing info during refresh. "On-the-fly" syntax checking information may be incorrect. [C:\Users\Kumar Lab\Desktop\Shannon\clock_test_ex\clock_test_ex.srcs\sources_1\new\qwn_exdes.v:]
WARNING: [filemgmt 56-199] Attempt to get parsing info during refresh. "On-the-fly" syntax checking information may be incorrect. [C:\Users\Kumar Lab\Desktop\Shannon\clock_test_ex\clock_test_ex.gen\sources_1\ip\clock_test\clock_test\example_design\clock_test_rx_startup_fsm.v:]
WARNING: [filemgmt 56-199] Attempt to get parsing info during refresh. "On-the-fly" syntax checking information may be incorrect. [C:\Users\Kumar Lab\Desktop\Shannon\clock_test_ex\clock_test_ex.gen\sources_1\ip\clock_test\clock_test\example_design\clock_test_gt_frame_check.v:]
WARNING: [filemgmt 56-199] Attempt to get parsing info during refresh. "On-the-fly" syntax checking information may be incorrect. [C:\Users\Kumar Lab\Desktop\Shannon\clock_test_ex\clock_test_ex.srcs\sources_1\new\qwn_exdes.v:]
WARNING: [filemgmt 56-199] Attempt to get parsing info during refresh. "On-the-fly" syntax checking information may be incorrect. [C:\Users\Kumar Lab\Desktop\Shannon\clock_test_ex\clock_test_ex.gen\sources_1\ip\clock_test\clock_test\example_design\clock_test_rx_startup_fsm.v:]
WARNING: [filemgmt 56-199] Attempt to get parsing info during refresh. "On-the-fly" syntax checking information may be incorrect. [C:\Users\Kumar Lab\Desktop\Shannon\clock_test_ex\clock_test_ex.gen\sources_1\ip\clock_test\clock_test\example_design\clock_test_gt_frame_check.v:]
WARNING: [filemgmt 56-199] Attempt to get parsing info during refresh. "On-the-fly" syntax checking information may be incorrect. [C:\Users\Kumar Lab\Desktop\Shannon\clock_test_ex\clock_test_ex.srcs\sources_1\new\qwn_exdes.v:]
WARNING: [filemgmt 56-199] Attempt to get parsing info during refresh. "On-the-fly" syntax checking information may be incorrect. [C:\Users\Kumar Lab\Desktop\Shannon\clock_test_ex\clock_test_ex.gen\sources_1\ip\clock_test\clock_test\example_design\clock_test_rx_startup_fsm.v:]
WARNING: [filemgmt 56-199] Attempt to get parsing info during refresh. "On-the-fly" syntax checking information may be incorrect. [C:\Users\Kumar Lab\Desktop\Shannon\clock_test_ex\clock_test_ex.gen\sources_1\ip\clock_test\clock_test\example_design\clock_test_gt_frame_check.v:]
WARNING: [filemgmt 56-199] Attempt to get parsing info during refresh. "On-the-fly" syntax checking information may be incorrect. [C:\Users\Kumar Lab\Desktop\Shannon\clock_test_ex\clock_test_ex.srcs\sources_1\new\qwn_exdes.v:]
WARNING: [filemgmt 56-199] Attempt to get parsing info during refresh. "On-the-fly" syntax checking information may be incorrect. [C:\Users\Kumar Lab\Desktop\Shannon\clock_test_ex\clock_test_ex.gen\sources_1\ip\clock_test\clock_test\example_design\clock_test_rx_startup_fsm.v:]
WARNING: [filemgmt 56-199] Attempt to get parsing info during refresh. "On-the-fly" syntax checking information may be incorrect. [C:\Users\Kumar Lab\Desktop\Shannon\clock_test_ex\clock_test_ex.gen\sources_1\ip\clock_test\clock_test\example_design\clock_test_gt_frame_check.v:]
WARNING: [filemgmt 56-199] Attempt to get parsing info during refresh. "On-the-fly" syntax checking information may be incorrect. [C:\Users\Kumar Lab\Desktop\Shannon\clock_test_ex\clock_test_ex.srcs\sources_1\new\qwn_exdes.v:]
WARNING: [filemgmt 56-199] Attempt to get parsing info during refresh. "On-the-fly" syntax checking information may be incorrect. [C:\Users\Kumar Lab\Desktop\Shannon\clock_test_ex\clock_test_ex.gen\sources_1\ip\clock_test\clock_test\example_design\clock_test_rx_startup_fsm.v:]
WARNING: [filemgmt 56-199] Attempt to get parsing info during refresh. "On-the-fly" syntax checking information may be incorrect. [C:\Users\Kumar Lab\Desktop\Shannon\clock_test_ex\clock_test_ex.gen\sources_1\ip\clock_test\clock_test\example_design\clock_test_gt_frame_check.v:]
WARNING: [filemgmt 56-199] Attempt to get parsing info during refresh. "On-the-fly" syntax checking information may be incorrect. [C:\Users\Kumar Lab\Desktop\Shannon\clock_test_ex\clock_test_ex.srcs\sources_1\new\qwn_exdes.v:]
WARNING: [filemgmt 56-199] Attempt to get parsing info during refresh. "On-the-fly" syntax checking information may be incorrect. [C:\Users\Kumar Lab\Desktop\Shannon\clock_test_ex\clock_test_ex.gen\sources_1\ip\clock_test\clock_test\example_design\clock_test_rx_startup_fsm.v:]
WARNING: [filemgmt 56-199] Attempt to get parsing info during refresh. "On-the-fly" syntax checking information may be incorrect. [C:\Users\Kumar Lab\Desktop\Shannon\clock_test_ex\clock_test_ex.gen\sources_1\ip\clock_test\clock_test\example_design\clock_test_gt_frame_check.v:]
WARNING: [filemgmt 56-199] Attempt to get parsing info during refresh. "On-the-fly" syntax checking information may be incorrect. [C:\Users\Kumar Lab\Desktop\Shannon\clock_test_ex\clock_test_ex.srcs\sources_1\new\qwn_exdes.v:]
WARNING: [filemgmt 56-199] Attempt to get parsing info during refresh. "On-the-fly" syntax checking information may be incorrect. [C:\Users\Kumar Lab\Desktop\Shannon\clock_test_ex\clock_test_ex.gen\sources_1\ip\clock_test\clock_test\example_design\clock_test_rx_startup_fsm.v:]
WARNING: [filemgmt 56-199] Attempt to get parsing info during refresh. "On-the-fly" syntax checking information may be incorrect. [C:\Users\Kumar Lab\Desktop\Shannon\clock_test_ex\clock_test_ex.gen\sources_1\ip\clock_test\clock_test\example_design\clock_test_gt_frame_check.v:]
WARNING: [filemgmt 56-199] Attempt to get parsing info during refresh. "On-the-fly" syntax checking information may be incorrect. [C:\Users\Kumar Lab\Desktop\Shannon\clock_test_ex\clock_test_ex.srcs\sources_1\new\qwn_exdes.v:]
WARNING: [filemgmt 56-199] Attempt to get parsing info during refresh. "On-the-fly" syntax checking information may be incorrect. [C:\Users\Kumar Lab\Desktop\Shannon\clock_test_ex\clock_test_ex.gen\sources_1\ip\clock_test\clock_test\example_design\clock_test_rx_startup_fsm.v:]
WARNING: [filemgmt 56-199] Attempt to get parsing info during refresh. "On-the-fly" syntax checking information may be incorrect. [C:\Users\Kumar Lab\Desktop\Shannon\clock_test_ex\clock_test_ex.gen\sources_1\ip\clock_test\clock_test\example_design\clock_test_gt_frame_check.v:]
WARNING: [filemgmt 56-199] Attempt to get parsing info during refresh. "On-the-fly" syntax checking information may be incorrect. [C:\Users\Kumar Lab\Desktop\Shannon\clock_test_ex\clock_test_ex.srcs\sources_1\new\qwn_exdes.v:]
WARNING: [filemgmt 56-199] Attempt to get parsing info during refresh. "On-the-fly" syntax checking information may be incorrect. [C:\Users\Kumar Lab\Desktop\Shannon\clock_test_ex\clock_test_ex.gen\sources_1\ip\clock_test\clock_test\example_design\clock_test_rx_startup_fsm.v:]
WARNING: [filemgmt 56-199] Attempt to get parsing info during refresh. "On-the-fly" syntax checking information may be incorrect. [C:\Users\Kumar Lab\Desktop\Shannon\clock_test_ex\clock_test_ex.gen\sources_1\ip\clock_test\clock_test\example_design\clock_test_gt_frame_check.v:]
WARNING: [filemgmt 56-199] Attempt to get parsing info during refresh. "On-the-fly" syntax checking information may be incorrect. [C:\Users\Kumar Lab\Desktop\Shannon\clock_test_ex\clock_test_ex.srcs\sources_1\new\qwn_exdes.v:]
WARNING: [filemgmt 56-199] Attempt to get parsing info during refresh. "On-the-fly" syntax checking information may be incorrect. [C:\Users\Kumar Lab\Desktop\Shannon\clock_test_ex\clock_test_ex.gen\sources_1\ip\clock_test\clock_test\example_design\clock_test_rx_startup_fsm.v:]
WARNING: [filemgmt 56-199] Attempt to get parsing info during refresh. "On-the-fly" syntax checking information may be incorrect. [C:\Users\Kumar Lab\Desktop\Shannon\clock_test_ex\clock_test_ex.gen\sources_1\ip\clock_test\clock_test\example_design\clock_test_gt_frame_check.v:]
WARNING: [filemgmt 56-199] Attempt to get parsing info during refresh. "On-the-fly" syntax checking information may be incorrect. [C:\Users\Kumar Lab\Desktop\Shannon\clock_test_ex\clock_test_ex.srcs\sources_1\new\qwn_exdes.v:]
WARNING: [filemgmt 56-199] Attempt to get parsing info during refresh. "On-the-fly" syntax checking information may be incorrect. [C:\Users\Kumar Lab\Desktop\Shannon\clock_test_ex\clock_test_ex.gen\sources_1\ip\clock_test\clock_test\example_design\clock_test_rx_startup_fsm.v:]
WARNING: [filemgmt 56-199] Attempt to get parsing info during refresh. "On-the-fly" syntax checking information may be incorrect. [C:\Users\Kumar Lab\Desktop\Shannon\clock_test_ex\clock_test_ex.gen\sources_1\ip\clock_test\clock_test\example_design\clock_test_gt_frame_check.v:]
WARNING: [filemgmt 56-199] Attempt to get parsing info during refresh. "On-the-fly" syntax checking information may be incorrect. [C:\Users\Kumar Lab\Desktop\Shannon\clock_test_ex\clock_test_ex.srcs\sources_1\new\qwn_exdes.v:]
WARNING: [filemgmt 56-199] Attempt to get parsing info during refresh. "On-the-fly" syntax checking information may be incorrect. [C:\Users\Kumar Lab\Desktop\Shannon\clock_test_ex\clock_test_ex.gen\sources_1\ip\clock_test\clock_test\example_design\clock_test_rx_startup_fsm.v:]
WARNING: [filemgmt 56-199] Attempt to get parsing info during refresh. "On-the-fly" syntax checking information may be incorrect. [C:\Users\Kumar Lab\Desktop\Shannon\clock_test_ex\clock_test_ex.gen\sources_1\ip\clock_test\clock_test\example_design\clock_test_gt_frame_check.v:]
WARNING: [filemgmt 56-199] Attempt to get parsing info during refresh. "On-the-fly" syntax checking information may be incorrect. [C:\Users\Kumar Lab\Desktop\Shannon\clock_test_ex\clock_test_ex.srcs\sources_1\new\qwn_exdes.v:]
WARNING: [filemgmt 56-199] Attempt to get parsing info during refresh. "On-the-fly" syntax checking information may be incorrect. [C:\Users\Kumar Lab\Desktop\Shannon\clock_test_ex\clock_test_ex.gen\sources_1\ip\clock_test\clock_test\example_design\clock_test_rx_startup_fsm.v:]
WARNING: [filemgmt 56-199] Attempt to get parsing info during refresh. "On-the-fly" syntax checking information may be incorrect. [C:\Users\Kumar Lab\Desktop\Shannon\clock_test_ex\clock_test_ex.gen\sources_1\ip\clock_test\clock_test\example_design\clock_test_gt_frame_check.v:]
WARNING: [filemgmt 56-199] Attempt to get parsing info during refresh. "On-the-fly" syntax checking information may be incorrect. [C:\Users\Kumar Lab\Desktop\Shannon\clock_test_ex\clock_test_ex.srcs\sources_1\new\qwn_exdes.v:]
close_hw_target {localhost:3121/xilinx_tcf/Digilent/210203B707C6A}
INFO: [Labtoolstcl 44-464] Closing hw_target localhost:3121/xilinx_tcf/Digilent/210203B707C6A
open_hw_target {localhost:3121/xilinx_tcf/Digilent/210203B707C6A}
INFO: [Labtoolstcl 44-466] Opening hw_target localhost:3121/xilinx_tcf/Digilent/210203B707C6A
set_property PROGRAM.FILE {C:/Users/Kumar Lab/Desktop/Shannon/clock_test_ex/clock_test_ex.runs/impl_1/clock_test_exdes.bit} [get_hw_devices xc7vx690t_0]
set_property PROBES.FILE {C:/Users/Kumar Lab/Desktop/Shannon/clock_test_ex/clock_test_ex.runs/impl_1/clock_test_exdes.ltx} [get_hw_devices xc7vx690t_0]
set_property FULL_PROBES.FILE {C:/Users/Kumar Lab/Desktop/Shannon/clock_test_ex/clock_test_ex.runs/impl_1/clock_test_exdes.ltx} [get_hw_devices xc7vx690t_0]
current_hw_device [get_hw_devices xc7vx690t_0]
refresh_hw_device [lindex [get_hw_devices xc7vx690t_0] 0]
INFO: [Labtools 27-2302] Device xc7vx690t (JTAG device index = 0) is programmed with a design that has 1 VIO core(s).
WARNING: [Labtools 27-3413] Dropping logic core with cellname:'u_qwn_ila' at location 'uuid_9E77E3BE2535552986A524EBA19F700A' from probes file, since it cannot be found on the programmed device.
INFO: [Labtools 27-1967] Uploading output probe values from VIO core [hw_vio_1], for hw_probes which did not have this property set
refresh_hw_device: Time (s): cpu = 00:00:00 ; elapsed = 00:00:16 . Memory (MB): peak = 4003.227 ; gain = 0.000
set_property PROBES.FILE {C:/Users/Kumar Lab/Desktop/Shannon/bitstreams/dark_perburst_2026-05-19/clock_test_exdes.ltx} [get_hw_devices xc7vx690t_0]
set_property FULL_PROBES.FILE {C:/Users/Kumar Lab/Desktop/Shannon/bitstreams/dark_perburst_2026-05-19/clock_test_exdes.ltx} [get_hw_devices xc7vx690t_0]
set_property PROGRAM.FILE {C:/Users/Kumar Lab/Desktop/Shannon/bitstreams/dark_perburst_2026-05-19/clock_test_exdes.bit} [get_hw_devices xc7vx690t_0]
program_hw_devices [get_hw_devices xc7vx690t_0]
INFO: [Labtools 27-3164] End of startup status: HIGH
program_hw_devices: Time (s): cpu = 00:00:06 ; elapsed = 00:00:17 . Memory (MB): peak = 4003.227 ; gain = 0.000
refresh_hw_device [lindex [get_hw_devices xc7vx690t_0] 0]
INFO: [Labtools 27-2302] Device xc7vx690t (JTAG device index = 0) is programmed with a design that has 1 VIO core(s).
set_property OUTPUT_VALUE 1 [get_hw_probes soft_reset_vio_i -of_objects [get_hw_vios -of_objects [get_hw_devices xc7vx690t_0] -filter {CELL_NAME=~"u_qwn_vio"}]]
commit_hw_vio [get_hw_probes {soft_reset_vio_i} -of_objects [get_hw_vios -of_objects [get_hw_devices xc7vx690t_0] -filter {CELL_NAME=~"u_qwn_vio"}]]
set_property OUTPUT_VALUE 0 [get_hw_probes soft_reset_vio_i -of_objects [get_hw_vios -of_objects [get_hw_devices xc7vx690t_0] -filter {CELL_NAME=~"u_qwn_vio"}]]
commit_hw_vio [get_hw_probes {soft_reset_vio_i} -of_objects [get_hw_vios -of_objects [get_hw_devices xc7vx690t_0] -filter {CELL_NAME=~"u_qwn_vio"}]]
set_property OUTPUT_VALUE 1 [get_hw_probes soft_reset_vio_i -of_objects [get_hw_vios -of_objects [get_hw_devices xc7vx690t_0] -filter {CELL_NAME=~"u_qwn_vio"}]]
commit_hw_vio [get_hw_probes {soft_reset_vio_i} -of_objects [get_hw_vios -of_objects [get_hw_devices xc7vx690t_0] -filter {CELL_NAME=~"u_qwn_vio"}]]
set_property OUTPUT_VALUE 0 [get_hw_probes soft_reset_vio_i -of_objects [get_hw_vios -of_objects [get_hw_devices xc7vx690t_0] -filter {CELL_NAME=~"u_qwn_vio"}]]
commit_hw_vio [get_hw_probes {soft_reset_vio_i} -of_objects [get_hw_vios -of_objects [get_hw_devices xc7vx690t_0] -filter {CELL_NAME=~"u_qwn_vio"}]]
set_property OUTPUT_VALUE 1 [get_hw_probes soft_reset_vio_i -of_objects [get_hw_vios -of_objects [get_hw_devices xc7vx690t_0] -filter {CELL_NAME=~"u_qwn_vio"}]]
commit_hw_vio [get_hw_probes {soft_reset_vio_i} -of_objects [get_hw_vios -of_objects [get_hw_devices xc7vx690t_0] -filter {CELL_NAME=~"u_qwn_vio"}]]
set_property OUTPUT_VALUE 0 [get_hw_probes soft_reset_vio_i -of_objects [get_hw_vios -of_objects [get_hw_devices xc7vx690t_0] -filter {CELL_NAME=~"u_qwn_vio"}]]
commit_hw_vio [get_hw_probes {soft_reset_vio_i} -of_objects [get_hw_vios -of_objects [get_hw_devices xc7vx690t_0] -filter {CELL_NAME=~"u_qwn_vio"}]]
set_property PROBES.FILE {C:/Users/Kumar Lab/Desktop/Shannon/bitstreams/dark_perburst_2026-05-19/clock_test_exdes.ltx} [get_hw_devices xc7vx690t_0]
set_property FULL_PROBES.FILE {C:/Users/Kumar Lab/Desktop/Shannon/bitstreams/dark_perburst_2026-05-19/clock_test_exdes.ltx} [get_hw_devices xc7vx690t_0]
set_property PROGRAM.FILE {C:/Users/Kumar Lab/Desktop/Shannon/bitstreams/dark_perburst_2026-05-19/clock_test_exdes.bit} [get_hw_devices xc7vx690t_0]
program_hw_devices [get_hw_devices xc7vx690t_0]
INFO: [Labtools 27-3164] End of startup status: HIGH
program_hw_devices: Time (s): cpu = 00:00:09 ; elapsed = 00:00:25 . Memory (MB): peak = 4003.227 ; gain = 0.000
refresh_hw_device [lindex [get_hw_devices xc7vx690t_0] 0]
INFO: [Labtools 27-2302] Device xc7vx690t (JTAG device index = 0) is programmed with a design that has 1 VIO core(s).
WARNING: [filemgmt 56-199] Attempt to get parsing info during refresh. "On-the-fly" syntax checking information may be incorrect. [C:\Users\Kumar Lab\Desktop\Shannon\clock_test_ex\clock_test_ex.gen\sources_1\ip\clock_test\clock_test\example_design\clock_test_rx_startup_fsm.v:]
WARNING: [filemgmt 56-199] Attempt to get parsing info during refresh. "On-the-fly" syntax checking information may be incorrect. [C:\Users\Kumar Lab\Desktop\Shannon\clock_test_ex\clock_test_ex.gen\sources_1\ip\clock_test\clock_test\example_design\clock_test_gt_frame_check.v:]
WARNING: [filemgmt 56-199] Attempt to get parsing info during refresh. "On-the-fly" syntax checking information may be incorrect. [C:\Users\Kumar Lab\Desktop\Shannon\clock_test_ex\clock_test_ex.srcs\sources_1\new\qwn_exdes.v:]
WARNING: [filemgmt 56-199] Attempt to get parsing info during refresh. "On-the-fly" syntax checking information may be incorrect. [C:\Users\Kumar Lab\Desktop\Shannon\clock_test_ex\clock_test_ex.gen\sources_1\ip\clock_test\clock_test\example_design\clock_test_rx_startup_fsm.v:]
WARNING: [filemgmt 56-199] Attempt to get parsing info during refresh. "On-the-fly" syntax checking information may be incorrect. [C:\Users\Kumar Lab\Desktop\Shannon\clock_test_ex\clock_test_ex.gen\sources_1\ip\clock_test\clock_test\example_design\clock_test_gt_frame_check.v:]
WARNING: [filemgmt 56-199] Attempt to get parsing info during refresh. "On-the-fly" syntax checking information may be incorrect. [C:\Users\Kumar Lab\Desktop\Shannon\clock_test_ex\clock_test_ex.srcs\sources_1\new\qwn_exdes.v:]
WARNING: [filemgmt 56-199] Attempt to get parsing info during refresh. "On-the-fly" syntax checking information may be incorrect. [C:\Users\Kumar Lab\Desktop\Shannon\clock_test_ex\clock_test_ex.gen\sources_1\ip\clock_test\clock_test\example_design\clock_test_rx_startup_fsm.v:]
WARNING: [filemgmt 56-199] Attempt to get parsing info during refresh. "On-the-fly" syntax checking information may be incorrect. [C:\Users\Kumar Lab\Desktop\Shannon\clock_test_ex\clock_test_ex.gen\sources_1\ip\clock_test\clock_test\example_design\clock_test_gt_frame_check.v:]
WARNING: [filemgmt 56-199] Attempt to get parsing info during refresh. "On-the-fly" syntax checking information may be incorrect. [C:\Users\Kumar Lab\Desktop\Shannon\clock_test_ex\clock_test_ex.srcs\sources_1\new\qwn_exdes.v:]
WARNING: [filemgmt 56-199] Attempt to get parsing info during refresh. "On-the-fly" syntax checking information may be incorrect. [C:\Users\Kumar Lab\Desktop\Shannon\clock_test_ex\clock_test_ex.gen\sources_1\ip\clock_test\clock_test\example_design\clock_test_rx_startup_fsm.v:]
WARNING: [filemgmt 56-199] Attempt to get parsing info during refresh. "On-the-fly" syntax checking information may be incorrect. [C:\Users\Kumar Lab\Desktop\Shannon\clock_test_ex\clock_test_ex.gen\sources_1\ip\clock_test\clock_test\example_design\clock_test_gt_frame_check.v:]
WARNING: [filemgmt 56-199] Attempt to get parsing info during refresh. "On-the-fly" syntax checking information may be incorrect. [C:\Users\Kumar Lab\Desktop\Shannon\clock_test_ex\clock_test_ex.srcs\sources_1\new\qwn_exdes.v:]
set_property PROBES.FILE {C:/Users/Kumar Lab/Desktop/Shannon/bitstreams/dark_perburst_2026-05-19/clock_test_exdes.ltx} [get_hw_devices xc7vx690t_0]
set_property FULL_PROBES.FILE {C:/Users/Kumar Lab/Desktop/Shannon/bitstreams/dark_perburst_2026-05-19/clock_test_exdes.ltx} [get_hw_devices xc7vx690t_0]
set_property PROGRAM.FILE {C:/Users/Kumar Lab/Desktop/Shannon/bitstreams/dark_perburst_2026-05-19/clock_test_exdes.bit} [get_hw_devices xc7vx690t_0]
program_hw_devices [get_hw_devices xc7vx690t_0]
INFO: [Labtools 27-3164] End of startup status: HIGH
program_hw_devices: Time (s): cpu = 00:00:06 ; elapsed = 00:00:17 . Memory (MB): peak = 4003.227 ; gain = 0.000
refresh_hw_device [lindex [get_hw_devices xc7vx690t_0] 0]
INFO: [Labtools 27-2302] Device xc7vx690t (JTAG device index = 0) is programmed with a design that has 1 VIO core(s).
refresh_hw_device: Time (s): cpu = 00:00:00 ; elapsed = 00:00:22 . Memory (MB): peak = 4003.227 ; gain = 0.000
WARNING: [filemgmt 56-199] Attempt to get parsing info during refresh. "On-the-fly" syntax checking information may be incorrect. [C:\Users\Kumar Lab\Desktop\Shannon\clock_test_ex\clock_test_ex.gen\sources_1\ip\clock_test\clock_test\example_design\clock_test_rx_startup_fsm.v:]
WARNING: [filemgmt 56-199] Attempt to get parsing info during refresh. "On-the-fly" syntax checking information may be incorrect. [C:\Users\Kumar Lab\Desktop\Shannon\clock_test_ex\clock_test_ex.gen\sources_1\ip\clock_test\clock_test\example_design\clock_test_gt_frame_check.v:]
WARNING: [filemgmt 56-199] Attempt to get parsing info during refresh. "On-the-fly" syntax checking information may be incorrect. [C:\Users\Kumar Lab\Desktop\Shannon\clock_test_ex\clock_test_ex.srcs\sources_1\new\qwn_exdes.v:]
WARNING: [filemgmt 56-199] Attempt to get parsing info during refresh. "On-the-fly" syntax checking information may be incorrect. [C:\Users\Kumar Lab\Desktop\Shannon\clock_test_ex\clock_test_ex.gen\sources_1\ip\clock_test\clock_test\example_design\clock_test_rx_startup_fsm.v:]
WARNING: [filemgmt 56-199] Attempt to get parsing info during refresh. "On-the-fly" syntax checking information may be incorrect. [C:\Users\Kumar Lab\Desktop\Shannon\clock_test_ex\clock_test_ex.gen\sources_1\ip\clock_test\clock_test\example_design\clock_test_gt_frame_check.v:]
WARNING: [filemgmt 56-199] Attempt to get parsing info during refresh. "On-the-fly" syntax checking information may be incorrect. [C:\Users\Kumar Lab\Desktop\Shannon\clock_test_ex\clock_test_ex.srcs\sources_1\new\qwn_exdes.v:]
WARNING: [filemgmt 56-199] Attempt to get parsing info during refresh. "On-the-fly" syntax checking information may be incorrect. [C:\Users\Kumar Lab\Desktop\Shannon\clock_test_ex\clock_test_ex.gen\sources_1\ip\clock_test\clock_test\example_design\clock_test_rx_startup_fsm.v:]
WARNING: [filemgmt 56-199] Attempt to get parsing info during refresh. "On-the-fly" syntax checking information may be incorrect. [C:\Users\Kumar Lab\Desktop\Shannon\clock_test_ex\clock_test_ex.gen\sources_1\ip\clock_test\clock_test\example_design\clock_test_gt_frame_check.v:]
WARNING: [filemgmt 56-199] Attempt to get parsing info during refresh. "On-the-fly" syntax checking information may be incorrect. [C:\Users\Kumar Lab\Desktop\Shannon\clock_test_ex\clock_test_ex.srcs\sources_1\new\qwn_exdes.v:]
